objectid_1,objectid,acreage,sqft,final_cat,type,sector,origpkname,updatepknm,alterntnam,divname,shape_leng,globalid,created_user,created_date,last_edited_user,last_edited_date,maintenanceresponsibility,dpw_ac,globalid_1,shape_area,shape_length
1202,36,0.9590343,41775.36710135,Neighborhood Park,NP,15,Cliffside Parklet,August Wilson Park,Cliffside Park,Schenley,1313.83264367,764d9a2f-719c-49c2-b747-8f276149bf04,pgh.dcp.allisot,2023-03-21T14:04:58.979000+00:00,pgh.dcp.allisot,2023-03-21T14:04:58.979000+00:00,Parks - Schenley,0.959034302188266,f781af9c-9ec2-4b5e-b5c5-9cc21608635c,6709.19921875,390.397011793681
1203,198,2.06011723,89738.34752018,Neighborhood Park,NP,2,Young Field,Young Field Park,Young Park,Riverview,1666.07179358,9b969f67-1f2e-4f4b-8556-e4ac49ca208e,pgh.dcp.allisot,2023-03-21T14:04:58.979000+00:00,pgh.dcp.allisot,2023-03-21T14:04:58.979000+00:00,Parks - Riverview,2.06011722852731,659c4c55-50fc-4883-8606-76f029fcca47,14423.41796875,511.980180582594
1204,158,0.46868243,20415.72487455,Neighborhood Park,NP,8,Revenue Park,Roland Lockridge Community Park,Roland Lockridge Community Park,Frick,590.84100675,44bbbdf5-c2db-451c-b880-9251b8211455,pgh.dcp.allisot,2023-03-21T14:04:58.979000+00:00,pgh.dcp.allisot,2023-03-21T14:04:58.979000+00:00,Parks - Frick,0.468682427403543,04e61cab-bea6-47dd-964a-0723197726cf,3273.72265625,236.488235212731
1205,72,1.95542982,85178.18220678,Neighborhood Park,NP,12,Friendship Park,Friendship Park,Friendship Park,Highland,1901.42659879,f95cbafc-dcd8-493f-8b98-89745c6434ca,pgh.dcp.allisot,2023-03-21T14:04:58.979000+00:00,pgh.dcp.allisot,2023-03-21T14:04:58.979000+00:00,Parks - Highland,1.95542981911229,22563a68-61d3-46f3-9d5c-4558ee12be1f,13686.265625,760.982871333421
1206,87,5.10806965,222506.62379921,Neighborhood Park,NP,12,Heths Playground,Heth's Park,Heth's Park,Highland,2181.06130748,a6a4ac92-5a00-4af5-9f11-716e51079fea,pgh.dcp.allisot,2023-03-21T14:04:58.979000+00:00,pgh.dcp.allisot,2023-03-21T14:04:58.979000+00:00,Parks - Highland,5.10806964711613,b5b34833-e1d5-430f-afcc-40a1670d545d,35767.8984375,875.156997459688
1207,58,0.85385041,37193.57508534,Regional Park,RP,6,Eileen McCoy Parklet,Emerald View Park - Eileen McCoy Park,Emerald View Regional Park,Emerald,780.26813719,85e78b3f-6464-4be8-a756-695779735770,pgh.dcp.allisot,2023-03-21T14:04:58.979000+00:00,pgh.dcp.allisot,2023-03-21T14:04:58.979000+00:00,Parks - Emerald,0.85385041001108,3b0dedc7-de7f-4155-bacc-fd5f442211fd,5971.88671875,312.66658178761
1208,148,1.21785895,53049.72369028,Neighborhood Park,NP,5,Pauline Parklet,Pauline Park,Pauline Park,McKinley,1481.1094511,8d2ca331-e92f-4081-91f6-a991b913975d,pgh.dcp.allisot,2023-03-21T14:04:58.979000+00:00,pgh.dcp.allisot,2023-03-21T14:04:58.979000+00:00,Parks - McKinley,1.21785895063851,8fae002f-672f-4139-8bb3-5e1c43630b06,8509.390625,385.254005078983
1209,180,0.31603157,13766.27998628,Beautification Site,BTF,16,Thomas Parklet,Thomas Park,Thomas Park,Riverview,685.98510414,29ea1e26-197f-4e3d-926b-4fd4b7988d76,pgh.dcp.allisot,2023-03-21T14:04:58.979000+00:00,pgh.dcp.allisot,2023-03-21T14:04:58.979000+00:00,Parks - Riverview,0.316031566840351,ce5d83e9-a64c-494a-81d2-10722dd5c85b,2210.26171875,275.025060418764
1210,86,8.32023602,362428.03129355,Community Park,CP,4,Hershel Playground,Herschel Park,Hershel Park,Emerald,5898.08325819,5011c72c-2a08-418b-844d-b3dbbca6075e,pgh.dcp.allisot,2023-03-21T14:04:58.979000+00:00,pgh.dcp.allisot,2023-03-21T14:04:58.979000+00:00,Parks - Emerald,8.32023601951392,dd29ebe8-77bd-4be9-97c6-1b06c296ed32,58194.48046875,1042.20073320274
1211,193,3.26762602,142337.22002874,Public School,SCH,4,Westwood School,Westwood School Park,Westwood School,Emerald,1572.77684889,843e43a8-79ed-42c4-975b-9791c5161212,pgh.dcp.allisot,2023-03-21T14:04:58.979000+00:00,pgh.dcp.allisot,2023-03-21T14:04:58.979000+00:00,Parks - Emerald,3.26762601880908,1928bf6c-f90c-4702-9944-9fedc13f60b6,22848.90625,607.297220163692
1212,33,0.47547207,20711.48049823,Neighborhood Park,NP,1,Catalano Parklet,Catalano Park,Catalano Park,Riverview,567.15573912,747d5630-9fcb-42d3-bd33-ba7774dee3cb,pgh.dcp.allisot,2023-03-21T14:04:58.979000+00:00,pgh.dcp.allisot,2023-03-21T14:04:58.979000+00:00,Parks - Riverview,0.475472069430679,488525be-1bd1-46a3-82ff-0fc441dec736,3327.65625,227.295353047341
1213,211,0.56902453,24786.60959643,Neighborhood Park,NP,1,Troy Hill Citzen's Park,Troy Hill Citizen's Park,Troy Hill Citzen's Park,Riverview,708.69794992,c4abaefd-877d-4c42-b588-60a126ebfa5a,pgh.dcp.allisot,2023-03-21T14:04:58.979000+00:00,pgh.dcp.allisot,2023-03-21T14:04:58.979000+00:00,Parks - Riverview,0.56902453496701,ea3c98cb-55cf-40cf-b6a9-9d2dfb5d3c85,3982.73828125,284.077863309078
1214,140,0.56923207,24795.64966713,Beautification Site,BTF,14,Oakland Square,Oakland Square,Oakland Square,,878.14842866,e2748b8b-a3d3-4195-9c81-58b9b2062c7c,pgh.dcp.allisot,2023-03-21T14:04:58.979000+00:00,pgh.dcp.allisot,2023-03-21T14:04:58.979000+00:00,3rd Division,0.569232067264089,7d9ff343-84f1-4e14-bc7e-a2ab5d83d17c,3981.11328125,351.465304526684
1215,151,0.07362101,3206.91849924,Beautification Site,BTF,12,Penn Circle W Triangle,S Euclid Ave Triangle,S Euclid Ave Triangle,,345.90545485,2a334f85-c134-4aac-8158-d03cf25f5b55,pgh.dcp.allisot,2023-03-21T14:04:58.979000+00:00,pgh.dcp.allisot,2023-03-21T14:04:58.979000+00:00,2nd Division,7.36210130154146E-02,8090d931-3bbb-47e9-968c-e8d2402af3ab,515.2734375,138.674786827636
1216,167,51.03648302,2223140.30792987,Community Park,CP,4,Sheraden Park,Sheraden Park,Sheraden Park,Emerald,16358.8352357,351ad94c-c15c-4b25-a11a-f467977f0134,pgh.dcp.allisot,2023-03-21T14:04:58.979000+00:00,pgh.dcp.allisot,2023-03-21T14:04:58.979000+00:00,Parks - Emerald,51.0364830238243,6414fab4-553d-4a0b-be6b-b95003c52a6f,357167.859375,6365.65981441675
1218,195,0.05966002,2598.78008795,Beautification Site,BTF,10,Windermere Circle 1 & 2,Windermere Circle 1 & 2,Windermere Circle 1 & 2,,286.38037285,c486c01d-a722-4530-8c78-9f4a243b4d7f,pgh.dcp.allisot,2023-03-21T14:04:58.979000+00:00,pgh.dcp.allisot,2023-03-21T14:04:58.979000+00:00,3rd Division,0.059660020273279,c2f0b029-6c6c-43aa-b9b1-e831ba1d9c04,417.08203125,114.703140756292
1219,139,14.48754111,631074.76635223,Riverfront Park,RVR,16,Northshore Riverfront Park,Northshore Riverfront Park,Northshore Riverfront Park,Riverview,10104.3707589,68640034-1684-42f3-b6ea-c292096f526e,pgh.dcp.allisot,2023-03-21T14:04:58.979000+00:00,pgh.dcp.allisot,2023-03-21T14:04:58.979000+00:00,Parks - Riverview,14.4875411078711,412fe9bd-5dc3-4d0d-aace-877faf02237d,101348.26171875,4090.1893647863
1220,147,0.09002187,3921.3368803,Beautification Site,BTF,14,Parkview Islands,Parkview Islands,Parkview Islands,,1353.95997309,1f683a5a-8c27-4cdf-b2cb-5d8ac86be602,pgh.dcp.allisot,2023-03-21T14:04:58.979000+00:00,pgh.dcp.allisot,2023-03-21T14:04:58.979000+00:00,3rd Division,9.00218678993007E-02,1ddbb1a9-f59a-4063-a8f5-d091b3575f4e,629.5625,543.372617625944
1221,78,5.76013885,250910.64487282,Regional Park,RP,6,Grandview Overlook,Emerald View Park - Grandview Overlook,Emerald View Regional Park,Emerald,5037.75089773,e065b497-78da-4f77-b22f-ad9c13a0b5ec,pgh.dcp.allisot,2023-03-21T14:04:58.979000+00:00,pgh.dcp.allisot,2023-03-21T14:04:58.979000+00:00,Parks - Western,5.7601388548763,16ada7f6-f6cf-4c5b-a28a-1bc99ac712ea,40280.578125,1819.5053323609
1222,106,1.15757262,50423.66174269,Beautification Site,BTF,16,Liberty Avenue Island,Liberty Avenue Island,Liberty Avenue Island,,2220.12911752,ab150e5d-67ff-4b95-a634-3e3c5397f38b,pgh.dcp.allisot,2023-03-21T14:04:58.979000+00:00,pgh.dcp.allisot,2023-03-21T14:04:58.979000+00:00,6th Division,1.15757262254229,4e649344-ba6c-4fe0-a97b-545fdf5bb5d8,8096.94921875,888.842573493923
1223,184,8.5925235,374288.82646422,Neighborhood Park,NP,5,Volunteers Field,Volunteers Park,Volunteers Park,McKinley,5812.4419735,febad663-68a9-4e76-ae18-ae4f8430cfae,pgh.dcp.allisot,2023-03-21T14:04:58.979000+00:00,pgh.dcp.allisot,2023-03-21T14:04:58.979000+00:00,Parks - McKinley,8.5925234991739,a4ed0db5-4ae0-4a1e-9774-6780c7f7261a,60023.9609375,1740.04454892513
1224,69,4.54113022,197810.84126924,Beautification Site,BTF,12,Frankstown Triangle 1 & 2,Frankstown Triangle 1 & 2,Frankstown Triangle 1 & 2,,3139.28567015,732bc31d-d5bf-4d93-b8be-795a9bdeaf77,pgh.dcp.allisot,2023-03-21T14:04:58.979000+00:00,pgh.dcp.allisot,2023-03-21T14:04:58.979000+00:00,2nd Division,4.54113022302529,c6195049-63c1-4c5a-8a9a-66b8d0206371,31782.62890625,1259.271261716
1225,200,0.57530985,25060.39700961,Riverfront Park,RVR,16,Alcoa Park,Alcoa Park,Alcoa Park,Riverview,912.32869495,66d69aea-4c7d-4aac-8aa6-9c7ef7453247,pgh.dcp.allisot,2023-03-21T14:04:58.979000+00:00,pgh.dcp.allisot,2023-03-21T14:04:58.979000+00:00,Parks - Riverview,0.575309854258376,029679e7-a513-4e1f-aa0d-6643daa44bfc,4024.83984375,365.239094786363
1226,203,0.20055526,8736.1521173,Neighborhood Park,NP,1,Lookout St Parklet,Andrew 'Huck' Fenrich Memorial Park,Lookout Street Park,Riverview,732.17211657,cf15f763-5076-4f31-875f-93d14fdd8a03,pgh.dcp.allisot,2023-03-21T14:04:58.979000+00:00,pgh.dcp.allisot,2023-03-21T14:04:58.979000+00:00,Parks - Riverview,0.20055525854017,7932507b-d16f-423a-9057-b0c1008d56ac,1403.98828125,147.679455497142
1227,119,22.72831092,990041.26348541,Community Park,CP,8,McBride Park,McBride Park,McBride Park,Frick,7470.06276691,c5ca4ed7-b654-4d29-9e89-caba44345bf4,pgh.dcp.allisot,2023-03-21T14:04:58.979000+00:00,pgh.dcp.allisot,2023-03-21T14:04:58.979000+00:00,Parks - Frick,22.7283109197048,5e10494f-6877-4f7c-b59a-cde46adcc9c0,158644.96484375,2987.59431630862
1228,34,7.04343072,306810.61484275,Neighborhood Park,NP,11,Chadwick Rec Center,Chadwick Park,Chadwick Park,Highland,2425.2027917,ad00f128-3d9f-4bfd-93e9-98fe0d4241a4,pgh.dcp.allisot,2023-03-21T14:04:58.979000+00:00,pgh.dcp.allisot,2023-03-21T14:04:58.979000+00:00,Parks - Highland,7.04343071829418,a4146660-a654-4d7a-96fb-257bad073721,49302.06640625,1009.73183703587
1229,118,3.48116345,151638.87339458,Neighborhood Park,NP,15,Martin Luther King Field,Martin Luther King Park,Martin Luther King Park,Schenley,1676.04109057,bfb9c411-1a59-4391-b943-43f1c525cdb4,pgh.dcp.allisot,2023-03-21T14:04:58.979000+00:00,pgh.dcp.allisot,2023-03-21T14:04:58.979000+00:00,Parks - Schenley,3.4811634516045,8d447a3c-18ed-4cad-95fa-68db7207d730,24348.71875,671.624181034678
1230,77,0.0072054,313.86589242,Beautification Site,BTF,10,Glen Arden Triangle,Glen Arden Triangle,Glen Arden Triangle,,69.95243577,42b935d1-085d-4ec1-951b-8c2e02bf702a,pgh.dcp.allisot,2023-03-21T14:04:58.979000+00:00,pgh.dcp.allisot,2023-03-21T14:04:58.979000+00:00,3rd Division,7.20539825269681E-03,e2ca5ae4-f359-40d7-8f6a-d8b807385e98,50.41015625,28.0412167236736
1231,5,1.54812994,67436.27058772,Riverfront Park,RVR,16,Allegheny Riverfront Park,Allegheny Riverfront Park,Allegheny Riverfront Park,Riverview,3789.70684425,56eb2a1a-f465-4488-8ee7-2939c1a56513,pgh.dcp.allisot,2023-03-21T14:04:58.979000+00:00,pgh.dcp.allisot,2023-03-21T14:04:58.979000+00:00,Parks - Riverview,1.5481299433795,297d4fb8-5cf6-4ab5-a3ff-f7f49d47414c,10829.84375,1690.45954104761
1232,103,0.45531625,19833.49648462,Neighborhood Park,NP,5,Leolyn Parklet,Leolyn Park,Leolyn Park,McKinley,617.72292841,f027a6f9-cb67-4ec2-8d03-66eb8ad658f0,pgh.dcp.allisot,2023-03-21T14:04:58.979000+00:00,pgh.dcp.allisot,2023-03-21T14:04:58.979000+00:00,Parks - McKinley,0.455316249284806,3a579dbf-3ecf-4044-911a-0f56cdb9f6c3,3180.85546875,247.356718945448
1233,212,1.05345062,45888.12558954,Community Park,CP,4,Tuxedo Street Skate Park,Tuxedo Street Skate Park,Tuxedo Street Skate Park,Emerald,898.47162146,d54d5c1a-2212-4d36-8d4a-11f7d43e3c7f,pgh.dcp.allisot,2023-03-21T14:04:58.979000+00:00,pgh.dcp.allisot,2023-03-21T14:04:58.979000+00:00,Parks - Emerald,1.05345062310819,b9052479-b861-4b01-9e1f-b85e21748e01,7371.19140625,402.696660841013
1234,24,0.77946962,33953.56076913,Neighborhood Park,NP,6,Bon Air Tot Lot,Bon Air Park,Bon Air Park,McKinley,939.81120638,48c76f2a-fc5c-4ed8-9ab0-465403a64d69,pgh.dcp.allisot,2023-03-21T14:04:58.979000+00:00,pgh.dcp.allisot,2023-03-21T14:04:58.979000+00:00,Parks - McKinley,0.779469618544148,f30f2b55-89c5-4eb7-a5d4-f2581aa7233b,5446.73046875,328.006053454332
1235,145,1.19746041,52161.16694529,Neighborhood Park,NP,12,Osceola Parklet,Osceola Park,Osceola Park,Highland,907.56586396,975a22ed-f845-4214-964f-4d2824d17d41,pgh.dcp.allisot,2023-03-21T14:04:58.979000+00:00,pgh.dcp.allisot,2023-03-21T14:04:58.979000+00:00,Parks - Highland,1.19746041300709,2ae81bf8-1d80-41d0-b912-5c2ebb30c6f5,8379.70703125,363.781093313456
1236,205,0.05364606,2336.81291867,Neighborhood Park,NP,14,Dunseith Tot Lot (Shalane's Play Yard),Shalane's Play Yard Park,Dunseith Park (Shalane's Play Yard),Schenley,262.06694187,9177883a-579b-4f61-a9a2-8be643b68407,pgh.dcp.allisot,2023-03-21T14:04:58.979000+00:00,pgh.dcp.allisot,2023-03-21T14:04:58.979000+00:00,Parks - Schenley,5.36460575286779E-02,7565d587-3469-4e40-85ce-8b9bfab5d6f3,375.2578125,78.9166555831082
1237,143,9.278443,404167.36056625,Regional Park,RP,6,Olympia Park,Emerald View Park - Olympia Park,Emerald View Regional Park,Emerald,2810.16261338,5217a635-cba9-4f1e-93c7-a604fc8f59e3,pgh.dcp.allisot,2023-03-21T14:04:58.979000+00:00,pgh.dcp.allisot,2023-03-21T14:04:58.979000+00:00,Parks - Emerald,9.27844300368542,95c13cec-d310-4a17-9336-001c27e85089,64880.328125,1126.68751577949
1238,30,4.90422879,213627.35138045,Neighborhood Park,NP,9,Bud Hammer Playground,Bud Hammer Park,Bud Hammer Park,Schenley,2043.23793256,7af3c8fe-087a-4e37-af3e-03860275b96c,pgh.dcp.allisot,2023-03-21T14:04:58.979000+00:00,pgh.dcp.allisot,2023-03-21T14:04:58.979000+00:00,Parks - Schenley,4.90422878540908,fe4fc570-95e1-454b-8951-ceea17be0a4c,34282.96875,895.961266614188
1239,115,0.66973833,29173.68506052,Community Park,CP,16,Market Square Park,Market Square Park,Market Square Park,Riverview,654.39000431,2135e0d3-02e0-47df-bd9c-fd24eba4397d,pgh.dcp.allisot,2023-03-21T14:04:58.979000+00:00,pgh.dcp.allisot,2023-03-21T14:04:58.979000+00:00,Parks - Riverview,0.669738332314229,440ae999-9047-4c25-b27a-856a7b195389,4684.546875,262.1595872912
1240,108,0.63524651,27671.22731098,Neighborhood Park,NP,8,Lincoln Place Parklet,Lincoln Place Park,Lincoln Place Park,Frick,763.19671597,b4b74fc4-80c6-4534-93d5-83dcd06e43c8,pgh.dcp.allisot,2023-03-21T14:04:58.979000+00:00,pgh.dcp.allisot,2023-03-21T14:04:58.979000+00:00,Parks - Frick,0.635246510473499,dd054e45-44bc-4dd9-af26-d5eae8d5578b,4434.0234375,305.81534717591
1241,62,3.55487677,154849.81274123,Neighborhood Park,NP,4,Fairywood Playground,Fairywood Park,Fairywood Park,Emerald,1580.61786622,b14e6db3-cd9c-4ce2-9b58-aa2632b7a75f,pgh.dcp.allisot,2023-03-21T14:04:58.979000+00:00,pgh.dcp.allisot,2023-03-21T14:04:58.979000+00:00,Parks - Emerald,3.5548767709444,43cfcbb6-5e49-4732-8216-d4bf8ad7b895,24870.98046875,633.400618458865
1242,138,0.22416194,9764.4549416,Neighborhood Park,NP,14,Niagara Parklet,Oakcliffe Community Playground,Niagara Park,Schenley,395.33651145,590b1935-1d5d-4c5d-bd92-b1b469bc3c1c,pgh.dcp.allisot,2023-03-21T14:04:58.979000+00:00,pgh.dcp.allisot,2023-03-21T14:04:58.979000+00:00,Parks - Schenley,0.224161937546676,ef46fd11-cb28-4c0e-a411-7a335b1935d9,1567.640625,158.405987344067
1243,66,9.47870336,412890.66695334,Neighborhood Park,NP,12,Fort Pitt Playground,Fort Pitt Park,Fort Pitt Park,Highland,3309.67418793,af65aeef-0944-4a0c-936f-96ea81bec49b,pgh.dcp.allisot,2023-03-21T14:04:58.979000+00:00,pgh.dcp.allisot,2023-03-21T14:04:58.979000+00:00,Parks - Highland,9.47870336365845,b921533d-5843-4f63-8413-7a8de3097a1d,66356.07421875,1326.31648695126
1244,129,5.28588047,230252.03219689,Neighborhood Park,NP,7,Monongahela Playground,Monongahela Park,Monongahela Park,McKinley,2224.84284636,6d41972a-17ea-447a-8aec-792fed745308,pgh.dcp.allisot,2023-03-21T14:04:58.979000+00:00,pgh.dcp.allisot,2023-03-21T14:04:58.979000+00:00,Parks - McKinley,5.28588046849827,32d1f811-8e8e-4b19-a07a-c94b347133ae,36951.94921875,787.241655740062
1245,175,0.53106161,23132.95137919,Neighborhood Park,NP,4,Stratmore Parklet,Andrew Joseph Kukuruda Park,Stratmore Park,Emerald,845.11152083,98e651e7-e357-48d5-ad8e-53db1a814a8e,pgh.dcp.allisot,2023-03-21T14:04:58.979000+00:00,pgh.dcp.allisot,2023-03-21T14:04:58.979000+00:00,Parks - Emerald,0.531061614124622,227126c5-6d18-4138-b20d-4eb3dd94f3be,3714.41015625,338.649897729019
1246,4,2.28558167,99559.53942364,Riverfront Park,RVR,16,Allegheny Landing Park,Allegheny Landing Park,Allegheny Landing Park,Riverview,1579.93365704,4c54672c-8a00-4670-a599-1b3e59c22d84,pgh.dcp.allisot,2023-03-21T14:04:58.979000+00:00,pgh.dcp.allisot,2023-03-21T14:04:58.979000+00:00,Parks - Riverview,2.28558167270413,ddcdc30a-61da-4934-bf80-66f09dd27fe5,15989.7421875,626.966327184894
1247,101,0.69761233,30387.87174503,Beautification Site,BTF,2,Legion Memorial Park,Legion Memorial Park,Legion Memorial Park,Riverview,786.64578979,8256c558-9b8e-4999-af5e-828fca9537b9,pgh.dcp.allisot,2023-03-21T14:04:58.979000+00:00,pgh.dcp.allisot,2023-03-21T14:04:58.979000+00:00,Parks - Riverview,0.697612334639159,30895e19-111b-4005-bba4-4bda5c8c0b04,4885.421875,315.365432882071
1248,186,2.12662921,92635.59773807,Neighborhood Park,NP,6,Warrington Playground,Warrington Park,Warrington Park,McKinley,1245.75822307,bf852bdb-5458-44ff-ba0c-5c6b16e5ccd9,pgh.dcp.allisot,2023-03-21T14:04:58.979000+00:00,pgh.dcp.allisot,2023-03-21T14:04:58.979000+00:00,Parks - McKinley,2.12662920756599,bfe02c09-1857-4095-95c4-893a0e9f4261,14866.4375,498.809607738152
1249,199,0.7272454,31678.68294576,Beautification Site,BTF,14,Zulema Passive Area,Zulema Park,Zulema Passive Area,Schenley,816.84075011,9b0e7c16-0d06-44a7-96ba-f616bd7d0fdb,pgh.dcp.allisot,2023-03-21T14:04:58.979000+00:00,pgh.dcp.allisot,2023-03-21T14:04:58.979000+00:00,Parks - Schenley,0.727245400846541,827b8e17-5e07-431e-907f-eaff4f5e01db,5086.03515625,327.08787928919
1250,120,0.1998298,8704.55109452,Neighborhood Park,NP,13,McCandless Tot Lot,McCandless Park,McCandless Park,Highland,376.61683219,6466049c-ed79-4b4a-a7fd-eee9db4eaba5,pgh.dcp.allisot,2023-03-21T14:04:58.979000+00:00,pgh.dcp.allisot,2023-03-21T14:04:58.979000+00:00,Parks - Highland,0.199829795978656,fd04021b-8b32-4cc2-a816-9ee902dc3cf4,1399.37109375,151.005801324815
1251,42,0.28036624,12212.70451871,Neighborhood Park,NP,2,Cross & Strauss Parklet,Cross and Strauss Park,Cross and Strauss Park,Riverview,474.7128683,f9c675a5-8da5-4e06-a308-2cf81ad5cc8f,pgh.dcp.allisot,2023-03-21T14:04:58.979000+00:00,pgh.dcp.allisot,2023-03-21T14:04:58.979000+00:00,Parks - Riverview,0.280366238973166,384fea4c-7b17-47c2-9ab9-7a331e1d923f,1962.4609375,180.872346895451
1252,122,77.83255445,3390372.51045939,Community Park,CP,6,McKinley Park,McKinley Park,McKinley Park,McKinley,17715.7659737,0057c452-d431-4d76-bd57-a1f581977a5e,pgh.dcp.allisot,2023-03-21T14:04:58.979000+00:00,pgh.dcp.allisot,2023-03-21T14:04:58.979000+00:00,Parks - McKinley,77.8325544533721,80b911a9-27a1-4e41-a417-f3d86215478d,543957.09375,7085.60153394919
1253,156,1.98205996,86338.18631674,Regional Park,RP,6,Ream Parklet,Emerald View Park - Ream Park,Emerald View Regional Park,Emerald,1359.15606601,e532a31c-a671-42ae-98da-2ed252192a64,pgh.dcp.allisot,2023-03-21T14:04:58.979000+00:00,pgh.dcp.allisot,2023-03-21T14:04:58.979000+00:00,Parks - Emerald,1.98205995570538,8528fe07-f150-492e-99a7-8427b4c665c6,13859.73828125,544.722434907912
1254,110,0.25679383,11185.89461149,Special Use Park,SU,6,Lodge Potenza Senior Center,Lodge Potenza Healthy Active Living Center,Lodge Potenza Senior Center,Emerald,471.67752809,8a29e613-32df-49c3-8a6c-f48f768f311f,pgh.dcp.allisot,2023-03-21T14:04:58.979000+00:00,pgh.dcp.allisot,2023-03-21T14:04:58.979000+00:00,Parks - Emerald,0.256793832764062,b8f1bb5f-5d55-46eb-aa01-3d27570f5b86,1795.60546875,189.03342865352
1255,192,0.01301447,566.90806804,Beautification Site,BTF,4,Westwood Island,Westwood Island,Westwood Island,,93.1245652,82bd048c-8ac4-45af-991b-72228f39bd32,pgh.dcp.allisot,2023-03-21T14:04:58.979000+00:00,pgh.dcp.allisot,2023-03-21T14:04:58.979000+00:00,5th Division,1.30144705159557E-02,bbcb51ce-5ee7-452a-8885-9fd9f6476b50,91.00390625,37.310290685328
1256,80,0.43052337,18753.52291829,Beautification Site,BTF,16,Grant Street Islands,Grant Street Islands,Grant Street Islands,,3596.22994508,ec7791b6-034e-4e49-95d3-594550c438cf,pgh.dcp.allisot,2023-03-21T14:04:58.979000+00:00,pgh.dcp.allisot,2023-03-21T14:04:58.979000+00:00,6th Division,0.430523368517251,c1883829-3da9-431e-8118-f6a9d0a1aa0c,3011.28515625,1442.3925487702
1257,74,2.82910379,123235.26805943,Neighborhood Park,NP,12,Garland Parklet,Garland Park,Garland Park,Highland,1899.44181991,57d9a24b-1e2e-45c4-b7b0-8ca0b4afb9de,pgh.dcp.allisot,2023-03-21T14:04:58.979000+00:00,pgh.dcp.allisot,2023-03-21T14:04:58.979000+00:00,Parks - Highland,2.82910378792426,c3c7972b-e76e-4f89-9658-564a46c14ff7,19802.0234375,709.720031216252
1258,179,0.59164129,25771.79164892,Beautification Site,BTF,11,Thomas Blvd Planting Strip,Thomas Blvd Planting Strip,Thomas Blvd Planting Strip,Frick,2507.73330983,241f501a-1070-401c-b117-168461d0d1ca,pgh.dcp.allisot,2023-03-21T14:04:58.979000+00:00,pgh.dcp.allisot,2023-03-21T14:04:58.979000+00:00,Parks - Frick,0.591641293305781,3115d533-3b6b-4f77-9854-e56d7743a523,4139.9375,1004.09475476391
1259,19,0.25893533,11279.17801422,Beautification Site,BTF,16,Bedford Strip,Bedford Strip,Bedford Strip,,1553.55958981,dfea1aef-b523-4d33-af69-492304f521a0,pgh.dcp.allisot,2023-03-21T14:04:58.979000+00:00,pgh.dcp.allisot,2023-03-21T14:04:58.979000+00:00,3rd Division,0.258935333587447,11138906-6a58-4201-9133-87ce95e6a786,1811.30078125,621.997835524074
1260,188,4.68886759,204246.25504188,Neighborhood Park,NP,4,West End Elliot Overlook Park,West End-Elliott Overlook Park,West End-Elliot Overlook Park,Emerald,4135.08502495,db34d78e-3287-40aa-8754-89ff7af41c76,pgh.dcp.allisot,2023-03-21T14:04:58.979000+00:00,pgh.dcp.allisot,2023-03-21T14:04:58.979000+00:00,Parks - Emerald,4.68886758561405,58f157a5-2f14-45de-b7dc-50a449bcb60a,32801.9375,1657.28169063705
1261,98,1.51313306,65911.81255481,Neighborhood Park,NP,12,Larimer Playground,Larimer Park,Larimer Park,Highland,1546.479562,e2dfdfa0-07bf-44bc-b67a-987e04079b1f,pgh.dcp.allisot,2023-03-21T14:04:58.979000+00:00,pgh.dcp.allisot,2023-03-21T14:04:58.979000+00:00,Parks - Highland,1.51313306250796,ea660eea-e7a8-401f-a66d-e28e0ce1abac,10591.80078125,606.786892851528
1262,189,17.02510591,741610.64704975,Community Park,CP,4,West End Park,West End Park,West End Park,Emerald,15318.7895242,f1ba0266-6b8c-4555-a57a-4003e8adf767,pgh.dcp.allisot,2023-03-21T14:04:58.979000+00:00,pgh.dcp.allisot,2023-03-21T14:04:58.979000+00:00,Parks - Emerald,17.025105911415,017be601-e01a-4b61-9df1-96446ff28cf1,119069.49609375,6137.90655274468
1263,182,0.23543864,10255.6660178,Beautification Site,BTF,10,Vietnam Island,Vietnam Island,Vietnam Island,,899.71781979,0b4033fe-1588-4f0d-a39e-8d4212910b61,pgh.dcp.allisot,2023-03-21T14:04:58.979000+00:00,pgh.dcp.allisot,2023-03-21T14:04:58.979000+00:00,3rd Division,0.235438637295322,9d4c89bc-8e8e-409a-b43c-0d9b71edc493,1646.65234375,359.951339039497
1264,112,6.1467087,267749.559983,Neighborhood Park,NP,9,Magee Playground,Magee Park,Magee Park,Schenley,2175.67690171,45b6cc70-4efb-4c09-9430-d2401edca968,pgh.dcp.allisot,2023-03-21T14:04:58.979000+00:00,pgh.dcp.allisot,2023-03-21T14:04:58.979000+00:00,Parks - Schenley,6.14670870028591,27fd1222-69ff-404f-84a6-ea9474a546c3,42974.0625,872.004434087501
1265,8,0.10325286,4497.67643554,Beautification Site,BTF,12,Amber Triangle,Amber Triangle,Amber Triangle,,296.74385881,f2ac7993-bc0c-4271-9071-e469f8f652cc,pgh.dcp.allisot,2023-03-21T14:04:58.979000+00:00,pgh.dcp.allisot,2023-03-21T14:04:58.979000+00:00,2nd Division,0.103252856434758,447473a8-7526-4212-808b-ea85ef994dc9,722.59375,118.904286137051
1266,49,14.2630875,621297.60616894,Community Park,CP,13,Dinan Playground,Dinan Park,Dinan Park,Highland,4324.05085525,6ae57e29-f05f-4863-b819-cd72229aa471,pgh.dcp.allisot,2023-03-21T14:04:58.979000+00:00,pgh.dcp.allisot,2023-03-21T14:04:58.979000+00:00,Parks - Highland,14.2630874969426,87ddff01-fad2-4a5b-ad4d-aef225a871f3,99890.390625,1508.12635345771
1267,57,0.00165399,72.04733352,Beautification Site,BTF,10,Edgerton Circle,Edgerton Circle,Edgerton Circle,,30.2251192,aaa0ea46-f889-43ee-92a4-8d2cb5f28154,pgh.dcp.allisot,2023-03-21T14:04:58.979000+00:00,pgh.dcp.allisot,2023-03-21T14:04:58.979000+00:00,3rd Division,1.65398580598273E-03,c68e42cd-f774-4566-afe1-1284003edf1b,11.56640625,12.1129845382089
1268,26,30.99530798,1350150.21501275,Community Park,CP,2,Brighton Heights Park,Brighton Heights Park,Brighton Heights Park,Riverview,12357.0948233,2ebd3497-6b22-4a86-95f4-cc01dc82048a,pgh.dcp.allisot,2023-03-21T14:04:58.979000+00:00,pgh.dcp.allisot,2023-03-21T14:04:58.979000+00:00,Parks - Riverview,30.9953079804824,83c85a71-bb39-46de-85f0-98b766dc8deb,217087.5390625,4810.21414111416
1269,206,6.41794151,279564.41396644,Neighborhood Park,NP,1,Spring Hill Playground,Spring Hill Park,Spring Hill Park,Riverview,2401.52521801,1be984a8-ff8e-4e15-baaf-ba53e2fac8c3,pgh.dcp.allisot,2023-03-21T14:04:58.979000+00:00,pgh.dcp.allisot,2023-03-21T14:04:58.979000+00:00,Parks - Riverview,6.4179415111903,18be1385-ec95-4f4f-87b3-7a1b976e1e57,44930.046875,962.288731145381
1270,197,0.38815931,16908.15197128,Neighborhood Park,NP,2,Woods Run Tot Lot,Woods Run Park,Woods Run Park,Riverview,450.35200929,9b77f597-274e-44fa-8814-54660d31e924,pgh.dcp.allisot,2023-03-21T14:04:58.979000+00:00,pgh.dcp.allisot,2023-03-21T14:04:58.979000+00:00,Parks - Riverview,0.388159311388583,02c96625-efba-44fe-b28f-4a0f1c196a05,2717.87890625,212.595129362267
1271,81,0.52098931,22694.20360065,Neighborhood Park,NP,15,Granville Parklet,Granville Park,Granville Park,Schenley,699.57107337,eea870bf-624f-48a6-86ba-81f5b2b87dae,pgh.dcp.allisot,2023-03-21T14:04:58.979000+00:00,pgh.dcp.allisot,2023-03-21T14:04:58.979000+00:00,Parks - Schenley,0.520989310783587,b7a4adb7-61c0-47cd-9691-24c41c158e2b,3644.50390625,251.094223187089
1272,13,8.80859448,383700.84080788,Community Park,CP,13,Arsenal Park and School,Arsenal Park,Arsenal Park,Highland,2498.19408838,7bfb78ce-506d-454c-a4d2-eb6a2494361e,pgh.dcp.allisot,2023-03-21T14:04:58.979000+00:00,pgh.dcp.allisot,2023-03-21T14:04:58.979000+00:00,Parks - Highland,8.80859448153925,1d3f9b69-1ec2-4851-9bdc-e1143a520d5b,61659.8203125,1001.51802894187
1273,51,0.80543757,35084.72011044,Neighborhood Park,NP,13,Duncan Parklet,Duncan Park,Duncan Park,Highland,765.09522208,11bb27fa-771b-4ed0-92e5-c66f27b8e336,pgh.dcp.allisot,2023-03-21T14:04:58.979000+00:00,pgh.dcp.allisot,2023-03-21T14:04:58.979000+00:00,Parks - Highland,0.805437567716807,2a0cb04f-a295-44f9-a130-6e82d610f76d,5640.3046875,306.723419005811
1274,84,0.47777456,20811.77638649,Special Use Park,SU,9,Hazelwood Senior Center,Hazelwood Healthy Active Living Center,Hazelwood Senior Center,Frick,959.54010567,6d68e648-9a59-4a3e-a7af-2206e8e4ee32,pgh.dcp.allisot,2023-03-21T14:04:58.979000+00:00,pgh.dcp.allisot,2023-03-21T14:04:58.979000+00:00,Parks - Frick,0.477774555414303,e51b26a9-ac73-4b37-ad08-13c18c4f8271,3338.17578125,274.32129529776
1275,96,13.43468306,585212.45343835,Neighborhood Park,NP,15,Kennard Playground,Kennard Park,Kennard Park,Schenley,3273.39535077,6354bb5b-f289-4868-a4b7-04d9ceb09d7b,pgh.dcp.allisot,2023-03-21T14:04:58.979000+00:00,pgh.dcp.allisot,2023-03-21T14:04:58.979000+00:00,Parks - Schenley,13.4346830646277,9a8d0795-2131-42b5-b735-95ee492dfa0e,93975.5859375,1312.75365007144
1276,150,0.02981724,1298.83372339,Beautification Site,BTF,12,Penn Circle W Square,N Euclid Ave Square,N Euclid Ave Square,,194.32174019,d12831e9-bd61-4c52-ab4d-9931dd5f4f42,pgh.dcp.allisot,2023-03-21T14:04:58.979000+00:00,pgh.dcp.allisot,2023-03-21T14:04:58.979000+00:00,2nd Division,2.98172387221314E-02,04616ca3-d75a-4b6e-847c-d3398178c9da,208.69921875,77.8427300908428
1277,64,2.64256517,115109.67836479,Neighborhood Park,NP,3,Fineview Field,Fineview Field Park,Fineview Field,Riverview,1791.9436509,21784547-a11b-4006-ad6c-9b27cf995c19,pgh.dcp.allisot,2023-03-21T14:04:58.979000+00:00,pgh.dcp.allisot,2023-03-21T14:04:58.979000+00:00,Parks - Riverview,2.64256516999273,199a4979-4487-4f4f-aaac-8fea9b2a76b3,18494.16015625,593.926679616405
1278,153,23.08845927,1005729.262996,Community Park,CP,5,Phillips Park,Phillips Park,Phillips Park,McKinley,7113.21285449,24cd4273-9d1a-4886-a9f1-a3c4a9d50196,pgh.dcp.allisot,2023-03-21T14:04:58.979000+00:00,pgh.dcp.allisot,2023-03-21T14:04:58.979000+00:00,Parks - McKinley,23.0884592728449,9215dc8b-9098-4a2a-9c10-0f240b0200a4,161256.96875,2826.14487124916
1279,20,0.24159906,10524.01282457,Beautification Site,BTF,5,Beechview Monument,Beechview Monument,Beechview Monument,,444.08349025,de2ca330-1b55-483d-9403-4637822ca5e3,pgh.dcp.allisot,2023-03-21T14:04:58.979000+00:00,pgh.dcp.allisot,2023-03-21T14:04:58.979000+00:00,5th Division,0.241599056950036,46471cfe-d6f6-4bd7-8cb4-f327f4f11423,1688.0390625,177.947188381118
1280,196,2.45424772,106906.60318565,Neighborhood Park,NP,7,Winters Playground,Winters Park,Winters Park,McKinley,1961.47202182,39be7594-ab5d-43e6-a152-a1cb6ec627ee,pgh.dcp.allisot,2023-03-21T14:04:58.979000+00:00,pgh.dcp.allisot,2023-03-21T14:04:58.979000+00:00,Parks - McKinley,2.45424772298775,3439014f-dff7-4075-b7b6-c4121c0fdd85,17157.265625,567.14026587319
1281,135,0.30517307,13293.28557517,Beautification Site,BTF,12,Negley Run Strip,Negley Run Strip,Negley Run Strip,,2218.24432926,8ac3fca1-8733-447b-988f-7aee4671ad77,pgh.dcp.allisot,2023-03-21T14:04:58.979000+00:00,pgh.dcp.allisot,2023-03-21T14:04:58.979000+00:00,2nd Division,0.305173065851135,e321928d-51e8-4f62-8082-22aca4f3f66a,2136.16015625,888.777735322361
1282,190,22.54139275,981899.14068986,Community Park,CP,13,West Penn Park,West Penn Park,West Penn Park,Schenley,4544.06311033,a0481df3-0fb0-4913-8d63-74cf6358656b,pgh.dcp.allisot,2023-03-21T14:04:58.979000+00:00,pgh.dcp.allisot,2023-03-21T14:04:58.979000+00:00,Parks - Schenley,22.541392752484,2440d1d1-6fa4-4ebe-98b4-ed4f2bf9dadd,157734.28125,1820.33674458548
1283,23,5.9913806,260983.49496263,Neighborhood Park,NP,13,Bloomfield Playground,Paul J. Sciullo II Memorial Park,Bloomfield Park,Highland,3262.78087797,4724c15b-ecec-4b4b-9b88-c709f759b98f,pgh.dcp.allisot,2023-03-21T14:04:58.979000+00:00,pgh.dcp.allisot,2023-03-21T14:04:58.979000+00:00,Parks - Highland,5.99138059916751,49a01905-d4be-4208-88ba-2f7a0969de16,41933.97265625,1397.93195842189
1284,40,0.34412426,14989.99293971,Neighborhood Park,NP,4,Crafton Heights Tot Lot,Crafton Heights Park,Crafton Heights Park,Emerald,540.46194742,9fdbedd7-5f9c-4171-a8f3-abe2b238437f,pgh.dcp.allisot,2023-03-21T14:04:58.979000+00:00,pgh.dcp.allisot,2023-03-21T14:04:58.979000+00:00,Parks - Emerald,0.344124263082221,fbb1d115-d4e9-4863-afc2-bdb1fb167610,2406.6796875,216.405080666807
1285,97,0.97633545,42529.00218732,Neighborhood Park,NP,12,Kite Hill Parklet,Kite Hill Park,Kite Hill Park,Highland,858.45771873,02503ebc-2418-4c2e-b973-7e5d809e7408,pgh.dcp.allisot,2023-03-21T14:04:58.979000+00:00,pgh.dcp.allisot,2023-03-21T14:04:58.979000+00:00,Parks - Highland,0.976335452337993,7c0d0fc3-2e9a-488b-8635-4bd2244bd71d,6834.37890625,349.594107178312
1286,9,8.08163221,352034.49084877,Neighborhood Park,NP,15,Ammon Park,Ammon Park,Ammon Park,Schenley,2493.40740141,e8ad959c-58fa-4c30-baa0-4264c8d10705,pgh.dcp.allisot,2023-03-21T14:04:58.979000+00:00,pgh.dcp.allisot,2023-03-21T14:04:58.979000+00:00,Parks - Schenley,8.08163220824049,248a8d4a-1961-4cc8-8edf-7e71955a2e48,56542.453125,999.394831737853
1287,28,56.0593594,2441935.92775625,Community Park,CP,5,Brookline Memorial Park,Brookline Memorial Park,Brookline Memorial Park,McKinley,9152.84161215,041dc569-0b41-4383-bed6-df92c7b07dca,pgh.dcp.allisot,2023-03-21T14:04:58.979000+00:00,pgh.dcp.allisot,2023-03-21T14:04:58.979000+00:00,Parks - McKinley,56.0593594014983,e7e9365f-6cfe-486c-af5e-09772de77d8f,391526.4453125,3540.38670089033
1288,183,1.19725503,52152.22054663,Neighborhood Park,NP,15,Vincennes Parklet,Vincennes Park,Vincennes Park,Schenley,1142.21399521,ebb605cb-0ca0-468f-b0b2-73a22e461106,pgh.dcp.allisot,2023-03-21T14:04:58.979000+00:00,pgh.dcp.allisot,2023-03-21T14:04:58.979000+00:00,Parks - Schenley,1.19725503113254,3500c099-f1cb-435b-a3c9-5ecc8cf116d7,8376.9140625,373.598570775939
1289,149,3.46079612,150751.67589983,Neighborhood Park,NP,11,Paulson Playground,Paulson Park,Paulson Park,Highland,2017.6125636,8180fb19-0d4a-451d-bec4-fc7decd19d52,pgh.dcp.allisot,2023-03-21T14:04:58.979000+00:00,pgh.dcp.allisot,2023-03-21T14:04:58.979000+00:00,Parks - Highland,3.46079611818961,5fe64db7-bb61-4301-b01c-1634bdb98e79,24226.73828125,778.045534289097
1290,52,0.47028509,20485.53646428,Neighborhood Park,NP,4,East Carnegie Parklet,East Carnegie Park,East Carnegie Park,Emerald,573.2494265,dc099b67-b6ee-46da-bb87-4a7086b3c33a,pgh.dcp.allisot,2023-03-21T14:04:58.979000+00:00,pgh.dcp.allisot,2023-03-21T14:04:58.979000+00:00,Parks - Emerald,0.470285087389201,0dc76753-ff07-4b29-9a02-2c31fbf6abaa,3286.9140625,229.619988492107
1291,169,0.41219492,17955.13867703,Special Use Park,SU,7,Southside Market House,Southside Market House,Southside Market House,McKinley,539.35379267,9bb8fe4a-a3ba-49ba-a3b3-bd099243b04e,pgh.dcp.allisot,2023-03-21T14:04:58.979000+00:00,pgh.dcp.allisot,2023-03-21T14:04:58.979000+00:00,Parks - McKinley,0.41219491500917,6c505a59-2a1d-48be-a5a7-fbf426307e4d,2882.171875,216.214235316479
1292,181,0.10828599,4716.91894929,Neighborhood Park,NP,15,Tustin Tot Lot,Tustin Park,Tustin Park,Schenley,274.80882389,a5cbdc1d-502c-4d79-aa95-21d0699e578b,pgh.dcp.allisot,2023-03-21T14:04:58.979000+00:00,pgh.dcp.allisot,2023-03-21T14:04:58.979000+00:00,Parks - Schenley,0.10828599212621,95afe987-70c7-4acb-87d3-a15d9d75d42b,757.328125,110.109781209325
1293,137,0.26202501,11413.76384001,Neighborhood Park,NP,12,Nelson Mandela Peace Park,Nelson Mandela Peace Park,Nelson Mandela Peace Park,Highland,380.74585599,35047ae7-12cb-4117-a56d-9651d14ca53e,pgh.dcp.allisot,2023-03-21T14:04:58.979000+00:00,pgh.dcp.allisot,2023-03-21T14:04:58.979000+00:00,Parks - Highland,0.26202501137181,304e5cbf-23fc-4aef-adcf-71f0d46a6e47,1834.12890625,172.497368149738
1294,127,1.40141913,61045.57299636,Community Park,CP,16,Mellon Square Park,Mellon Square Park,Mellon Square Park,Riverview,972.19563334,edbff294-ea77-46e2-be64-dcfebbf319e8,pgh.dcp.allisot,2023-03-21T14:04:58.979000+00:00,pgh.dcp.allisot,2023-03-21T14:04:58.979000+00:00,Parks - Riverview,1.40141912716669,acf0d2b0-7a24-4d9b-a5e2-0f7f94df954a,9802.421875,389.536307785975
1295,113,2.30585031,100442.43753657,Neighborhood Park,NP,3,Manchester Park,Manchester Park,Manchester Park,Riverview,1563.26918368,ce0b955c-091a-4ce4-a0bd-6f24dfe298bb,pgh.dcp.allisot,2023-03-21T14:04:58.979000+00:00,pgh.dcp.allisot,2023-03-21T14:04:58.979000+00:00,Parks - Riverview,2.30585030549876,aa017847-05ef-471a-bf98-0f3a4ab0df34,16137.0859375,626.167787608582
1296,48,5.80803259,252996.88766349,Neighborhood Park,NP,7,Devlin Field,Devlin Field Park,Devlin Field,McKinley,2721.8691953,dd1c0a48-cb15-4324-acd9-3a88008cf1ed,pgh.dcp.allisot,2023-03-21T14:04:58.979000+00:00,pgh.dcp.allisot,2023-03-21T14:04:58.979000+00:00,Parks - McKinley,5.80803259077309,169c1d44-6eb0-4bf1-9792-9c58aee4a1fe,40592.34375,821.52649174226
1297,60,2.12151451,92412.80260095,Neighborhood Park,NP,12,Enright Parklet,Enright Park,Enright Park,Highland,1394.57267633,37c10cb4-aa70-4cac-9887-6221b5664713,pgh.dcp.allisot,2023-03-21T14:04:58.979000+00:00,pgh.dcp.allisot,2023-03-21T14:04:58.979000+00:00,Parks - Highland,2.12151451453796,c65d156f-57e6-4be3-abc5-2bb7f3699ac5,14848.18359375,576.542404818073
1298,171,14.0526578,612131.32535387,Riverfront Park,RVR,7,Southside Riverfront Park,Southside Riverfront Park,Southside Riverfront Park,McKinley,14053.0359603,99ccb4c8-bc0c-403d-9442-3364c6e21096,pgh.dcp.allisot,2023-03-21T14:04:58.979000+00:00,pgh.dcp.allisot,2023-03-21T14:04:58.979000+00:00,Parks - McKinley,14.0526578027208,903849fe-0634-452b-b309-1cc6d8dd5e63,98266.66796875,5301.93169959328
1299,15,2.572473,112056.47568868,Public School,SCH,5,Banksville School,Banksville School Park,Banksville School,Emerald,573.32148474,8e5ecb6a-dba7-449f-bef7-d76ac0c446b4,pgh.dcp.allisot,2023-03-21T14:04:58.979000+00:00,pgh.dcp.allisot,2023-03-21T14:04:58.979000+00:00,Parks - Emerald,2.57247300082485,a052cd1e-32a6-465a-855d-002da6a1f8d6,17975.671875,622.261214761577
1300,21,0.80511806,35070.802538,Regional Park,RP,6,Bigbee Field,Emerald View Park - Bigbee Field Park,Emerald View Regional Park,Emerald,908.29036986,5dbd0956-a4df-4f5a-b85d-0b5928ef258e,pgh.dcp.allisot,2023-03-21T14:04:58.979000+00:00,pgh.dcp.allisot,2023-03-21T14:04:58.979000+00:00,Parks - Emerald,0.805118062939112,be80a223-f05f-4183-ab03-a8aa4b6c7be1,5629.33203125,363.487689787976
1301,160,258.60428875,11264757.7587939,Regional Park,RP,2,Riverview Park,Riverview Park,Riverview Park,Riverview,72135.8705385,bfa19f54-250b-4e8e-9898-5a8f45e003b8,pgh.dcp.allisot,2023-03-21T14:04:58.979000+00:00,pgh.dcp.allisot,2023-03-21T14:04:58.979000+00:00,Parks - Riverview,258.604288750231,fde516ec-24e4-4dd5-a0c0-20db35a84ee8,1811034.703125,28925.1414659587
1302,126,0.67192713,29269.02887278,Beautification Site,BTF,10,Mellon Park Island,Mellon Park Island,Mellon Park Island,,744.325083,79324a1c-1ea2-4101-8abc-c0bb3353dfc8,pgh.dcp.allisot,2023-03-21T14:04:58.979000+00:00,pgh.dcp.allisot,2023-03-21T14:04:58.979000+00:00,3rd Division,0.671927133820977,073cc414-b5da-45a5-93b8-cfeb77dd2872,4701.47265625,298.394768093225
1303,1,1.65951668,72288.25745143,Neighborhood Park,NP,5,Able Long Parklet,Able Long Park,Able Long Park,McKinley,1079.63858184,fb46cd7e-fcf3-47de-86b2-b44a62ecb0da,pgh.dcp.allisot,2023-03-21T14:04:58.979000+00:00,pgh.dcp.allisot,2023-03-21T14:04:58.979000+00:00,Parks - McKinley,1.65951668056316,49bbeac5-d343-4ab8-9424-631dacccd22a,11596.4765625,432.518214295072
1304,104,6.02794437,262576.20632833,Neighborhood Park,NP,13,Leslie Park,Leslie Park,Leslie Park,Highland,2066.00460031,8728e9ee-a6c5-49fa-80f8-b369a26aae02,pgh.dcp.allisot,2023-03-21T14:04:58.979000+00:00,pgh.dcp.allisot,2023-03-21T14:04:58.979000+00:00,Parks - Highland,6.02794436722474,255c6509-2013-47d3-8728-5a76ac0d0cfa,42203.05078125,828.420990302054
1305,119858,2.47124369,107646.94460254,Community Park,CP,16,I579 Cap Park,Frankie Pace Park,I579 Cap Park,Riverview,930.75705268,,pgh.dcp.allisot,2023-03-21T14:04:58.979000+00:00,pgh.dcp.allisot,2023-03-21T14:04:58.979000+00:00,Parks - Riverview,2.47124369125767,31e413b5-d301-4bf1-af18-2c8dad1e6f57,17285.4765625,853.960620680601
1306,116,2.7625784,120337.43394576,Neighborhood Park,NP,2,Marmaduke Playground,Marmaduke Park,Marmaduke Park,Riverview,1791.42794545,273f4bbe-25d9-42a3-a546-370af99b1275,pgh.dcp.allisot,2023-03-21T14:04:58.979000+00:00,pgh.dcp.allisot,2023-03-21T14:04:58.979000+00:00,Parks - Riverview,2.76257840442924,6bdda84e-f06f-4de8-9700-0dddb8afaf2e,19348.20703125,718.049269767942
1307,6,0.17569801,7653.37476652,Neighborhood Park,NP,3,Alpine #2 Parklet,Alpine Gardens Park,Alpine Gardens Park,Riverview,302.56218263,d2665673-a177-4850-8941-8ce097a592ec,pgh.dcp.allisot,2023-03-21T14:04:58.979000+00:00,pgh.dcp.allisot,2023-03-21T14:04:58.979000+00:00,Parks - Riverview,0.1756980114809,859f290a-272d-44db-b761-11c58339971c,1229.546875,200.500298976358
1308,82,0.2585736,11263.42113927,Beautification Site,BTF,14,Harris Triangle,Harris Triangle,Harris Triangle,,646.68556183,d842d827-fc4b-4451-98da-151fc35d1a76,pgh.dcp.allisot,2023-03-21T14:04:58.979000+00:00,pgh.dcp.allisot,2023-03-21T14:04:58.979000+00:00,3rd Division,0.258573604065345,afe65e5c-09f3-4722-8b60-3f1edb9e4878,1809.4453125,259.524510620673
1309,2,0.38154541,16620.05160629,Neighborhood Park,NP,15,"Albert ""Turk"" Graham Parklet",Albert Turk Graham Park,"Albert ""Turk"" Graham Park",Schenley,542.40437763,98c0046f-47d7-455c-b39d-5183317e15d8,pgh.dcp.allisot,2023-03-21T14:04:58.979000+00:00,pgh.dcp.allisot,2023-03-21T14:04:58.979000+00:00,Parks - Schenley,0.381545410622112,f11ad5c6-b0a3-4dfe-9759-9ffd5fd57e86,2668.734375,217.41034409988
1310,176,3.42760093,149305.69932967,Neighborhood Park,NP,13,Sullivan Playground,Sullivan Park,Sullivan Park,Highland,1791.92643888,58ad185e-9524-4e93-bc10-328dd2172dc1,pgh.dcp.allisot,2023-03-21T14:04:58.979000+00:00,pgh.dcp.allisot,2023-03-21T14:04:58.979000+00:00,Parks - Highland,3.42760093099757,e9567bd9-cb76-4d0a-883a-480b67204f4e,23990.1171875,718.072253824143
1311,16,0.27823484,12119.86120851,Beautification Site,BTF,14,Bates St Triangle,Bates St Triangle,Bates St Triangle,,431.50681888,88d2aac9-ab97-4fe4-95de-093659d7a5fd,pgh.dcp.allisot,2023-03-21T14:04:58.979000+00:00,pgh.dcp.allisot,2023-03-21T14:04:58.979000+00:00,3rd Division,0.278234841324518,a8eda734-ff98-4869-8902-dc99cf1f6312,1945.80859375,172.882207189406
1312,185,2.43646042,106131.79150183,Neighborhood Park,NP,4,Wabash Playground,Wabash Park,Wabash Park,Emerald,1676.46021167,92eb8cf6-4bbf-4a30-8b50-91ffe4b4fdda,pgh.dcp.allisot,2023-03-21T14:04:58.979000+00:00,pgh.dcp.allisot,2023-03-21T14:04:58.979000+00:00,Parks - Emerald,2.43646042310085,a1efaf84-72b4-465e-ad24-9ffefe0a3f2a,17041.1640625,672.525341867571
1313,76,0.00106942,46.58370335,Beautification Site,BTF,10,Glen Arden Circle,Glen Arden Circle,Glen Arden Circle,,24.316377,c273533e-c3d7-41a9-ad58-cac20ff7937b,pgh.dcp.allisot,2023-03-21T14:04:58.979000+00:00,pgh.dcp.allisot,2023-03-21T14:04:58.979000+00:00,3rd Division,1.06941895512493E-03,ffe310c4-411a-4b2f-afe4-1bf65aa52fc0,7.49609375,9.74490834766801
1314,17,0.27630339,12035.72741039,Beautification Site,BTF,12,Baum Negley Triangle,Baum Negley Triangle,Baum Negley Triangle,,504.37222474,fa3d8490-619c-4c5d-acee-a60c745dd8b5,pgh.dcp.allisot,2023-03-21T14:04:58.979000+00:00,pgh.dcp.allisot,2023-03-21T14:04:58.979000+00:00,2nd Division,0.276303387360869,03a19a90-d820-44a8-8996-fa848aa28b9c,1933.66015625,202.080563712119
1315,83,1.26313167,55021.79543141,Neighborhood Park,NP,8,Hays Parklet,Hays Park,Hays Park,Frick,1369.16447913,286d8335-f1a8-402b-969d-0ede4cfcd2cc,pgh.dcp.allisot,2023-03-21T14:04:58.979000+00:00,pgh.dcp.allisot,2023-03-21T14:04:58.979000+00:00,Parks - Frick,1.26313166940442,839cd20f-900c-4f06-a597-7d0556221b91,8820.171875,548.103133988413
1316,162,0.56201186,24481.13882053,Neighborhood Park,NP,9,Saline St Parklet,Saline Street Green Space,Saline Street Park,,683.78369115,c9d04732-f884-4f01-b246-e63df43fedb8,pgh.dcp.allisot,2023-03-21T14:04:58.979000+00:00,pgh.dcp.allisot,2023-03-21T14:04:58.979000+00:00,3rd Division,0.562011862841636,f6a2b9c0-e731-406b-88b2-8531417832b8,3929.7421875,273.973834711676
1317,93,0.03451084,1503.28634521,Beautification Site,BTF,16,Jail Triangle,Jail Triangle,Jail Triangle,,169.0067854,2193e97c-d602-446e-94a5-d37370e864ec,pgh.dcp.allisot,2023-03-21T14:04:58.979000+00:00,pgh.dcp.allisot,2023-03-21T14:04:58.979000+00:00,6th Division,3.45108438562134E-02,1074961c-d41c-4c59-81a2-7b0a4daf4e0f,241.41015625,67.663433798695
1319,25,0.45757118,19931.72076747,Neighborhood Park,NP,14,Boundary St Tot Lot,Boundary Street Park,Boundary St. Park,Schenley,604.75253842,d6781a89-d8c3-4c74-b126-ce95efd574ed,pgh.dcp.allisot,2023-03-21T14:04:58.979000+00:00,pgh.dcp.allisot,2023-03-21T14:04:58.979000+00:00,Parks - Schenley,0.457571177561822,831b516e-3621-4157-b740-6db1834d3dbf,3200.31640625,242.218010181053
1320,88,0.05664555,2467.47026864,Beautification Site,BTF,12,Highland Ave Plant Strip,Highland Ave Plant Strip,Highland Ave Plant Strip,,361.07461526,646d5e11-0ec7-4f5b-81ad-0e50bd2bfcbe,pgh.dcp.allisot,2023-03-21T14:04:58.979000+00:00,pgh.dcp.allisot,2023-03-21T14:04:58.979000+00:00,2nd Division,5.66455495535085E-02,e96d0cf2-1cac-4672-832e-21c9c1cc1419,396.515625,144.567856976002
1321,50,6.7457143,293842.13973275,Neighborhood Park,NP,4,Dunbar Playground,Dunbar Park,Dunbar Park,Emerald,2666.55630682,5d9753a7-660a-4015-abb1-96fb651a03cf,pgh.dcp.allisot,2023-03-21T14:04:58.979000+00:00,pgh.dcp.allisot,2023-03-21T14:04:58.979000+00:00,Parks - Emerald,6.74571430451881,9e15c35a-5844-448e-8a7a-0aabce532515,47180.7109375,1068.12890361474
1322,100,0.12453154,5424.57228537,Beautification Site,BTF,10,Le Roi Rd Island,Le Roi Rd Island,Le Roi Rd Island,,541.81569145,f6aa791b-e26a-4809-8abb-6b6b83fc14cc,pgh.dcp.allisot,2023-03-21T14:04:58.979000+00:00,pgh.dcp.allisot,2023-03-21T14:04:58.979000+00:00,3rd Division,0.124531542325976,e28a999b-0126-4d11-b5b7-9af4bf126a10,871.22265625,217.385255844585
1323,73,3.42606896,149238.96676382,Neighborhood Park,NP,1,Gardner Field,Gardner Park,Gardner Park,Riverview,1857.62322656,62e2d7c6-aeec-4aef-83a6-3fd1f4dcb8ee,pgh.dcp.allisot,2023-03-21T14:04:58.979000+00:00,pgh.dcp.allisot,2023-03-21T14:04:58.979000+00:00,Parks - Riverview,3.42606895595675,e41a6b4f-8e75-4ae4-b5b4-7c2070d4aeba,23978.80078125,744.821858150719
1324,61,0.13258774,5775.49885771,Neighborhood Park,NP,4,Esplen Tot Lot,Esplen Park,Esplen Park,Emerald,365.82805247,3be60947-2c73-4a72-b6d0-3461abc6e3d2,pgh.dcp.allisot,2023-03-21T14:04:58.979000+00:00,pgh.dcp.allisot,2023-03-21T14:04:58.979000+00:00,Parks - Emerald,0.132587740123434,5782c937-057e-4211-8835-58b82c817eeb,927.9453125,127.760398690282
1325,94,0.59325563,25842.11185087,Neighborhood Park,NP,3,Jefferson Playground,Jefferson Park,Jefferson Park,Riverview,679.93778871,fbfc5a30-c277-428b-b9a3-d8fd5eb06a64,pgh.dcp.allisot,2023-03-21T14:04:58.979000+00:00,pgh.dcp.allisot,2023-03-21T14:04:58.979000+00:00,Parks - Riverview,0.59325562946793,d41e082f-78e3-4185-b0bb-a18da1f1fcb6,4151.8515625,272.710631617303
1326,168,0.85328785,37169.07014749,Special Use Park,SU,4,Sheraden Senior Center,Sheraden Healthy Active Living Center,Sheraden Senior Center,Emerald,609.38315894,0a4c9da4-797d-466c-859a-27575a608045,pgh.dcp.allisot,2023-03-21T14:04:58.979000+00:00,pgh.dcp.allisot,2023-03-21T14:04:58.979000+00:00,Parks - Emerald,0.853287851795646,9ef1494e-0331-43d0-8923-f14e4ec4b0c2,5970.9609375,350.449920732546
1327,209,1.61390665,70301.49267475,Beautification Site,BTF,16,Fort Duquesne Blvd Strip,Fort Duquesne Blvd Strip,Fort Duquesne Blvd Strip,,8077.47299568,683f2117-5293-470b-89bd-a70f4e6775bd,pgh.dcp.allisot,2023-03-21T14:04:58.979000+00:00,pgh.dcp.allisot,2023-03-21T14:04:58.979000+00:00,6th Division,1.61390665476499,553a8577-2822-4624-a46f-307adf85a7bc,11289.83203125,3232.34498145763
1328,163,0.33779457,14714.272775,Beautification Site,BTF,10,Saline St Passive Area,Saline St Passive Area,Saline St Passive Area,,586.93326181,dddea333-de61-4d3e-82ef-0c05ef00d7be,pgh.dcp.allisot,2023-03-21T14:04:58.979000+00:00,pgh.dcp.allisot,2023-03-21T14:04:58.979000+00:00,3rd Division,0.337794573743559,7c435067-0a45-481f-b5e7-a2a464ff31bf,2361.2421875,234.98943771753
1329,39,0.08777855,3823.61818197,Beautification Site,BTF,14,Craft Triangle,Craft Triangle,Craft Triangle,,249.4495686,ed06cbc2-d61c-453c-a61f-0b2f2aea4fac,pgh.dcp.allisot,2023-03-21T14:04:58.979000+00:00,pgh.dcp.allisot,2023-03-21T14:04:58.979000+00:00,3rd Division,8.77785462922157E-02,b5458f65-3b2e-4262-8f76-db716c802e7a,613.90234375,99.9276834515142
1330,159,0.03792438,1651.9793821,Beautification Site,BTF,10,Reynolds St Planting Circle,Reynolds St Planting Circle,Reynolds St Planting Circle,,144.68059197,530e9f89-cd66-4416-bcfc-5427f7dd7f84,pgh.dcp.allisot,2023-03-21T14:04:58.979000+00:00,pgh.dcp.allisot,2023-03-21T14:04:58.979000+00:00,3rd Division,3.79243799366842E-02,562a30de-ecd7-44f2-9d82-1e9669a2f597,265.30078125,57.9812725614778
1331,155,0.02312035,1007.11843125,Beautification Site,BTF,13,Polish Hill Monument,Polish Hill Monument,Polish Hill Monument,,134.44142936,b37088bf-d7c0-401e-9d93-e5f9f85ca70b,pgh.dcp.allisot,2023-03-21T14:04:58.979000+00:00,pgh.dcp.allisot,2023-03-21T14:04:58.979000+00:00,2nd Division,2.31203503152232E-02,a9dea552-775d-4dab-9614-acc34c010eed,161.7890625,53.9272516404336
1332,102,0.14585206,6353.29040585,Neighborhood Park,NP,1,Leister St Parklet,Leister Street Park,Leister Street Park,Riverview,410.53604786,a9d16cfe-003c-476c-8ea2-0d522202d3ea,pgh.dcp.allisot,2023-03-21T14:04:58.979000+00:00,pgh.dcp.allisot,2023-03-21T14:04:58.979000+00:00,Parks - Riverview,0.145852061962494,829fd152-3daa-41e3-a30e-50f5dc19fe24,1020.828125,130.916263846397
1333,29,0.09355207,4075.11198378,Beautification Site,BTF,5,Brookline Monument,Brookline Monument,Brookline Monument,,301.24993005,db8866c6-e4e2-40cc-9b91-b6a61dbb8579,pgh.dcp.allisot,2023-03-21T14:04:58.979000+00:00,pgh.dcp.allisot,2023-03-21T14:04:58.979000+00:00,4th Division,9.35520726418919E-02,29d1137f-d19e-4ecf-9f57-5ca36b5d7fa6,653.4375,120.556675837481
1334,3,2.52521356,109997.86286184,Community Park,CP,3,Allegheny Center Plaza Park,Buhl Community Park at Allegheny Square,Buhl Community Park at Allegheny Square,Riverview,1999.77616622,8d8c8881-084a-4daf-b347-d9e9dc83f9b7,pgh.dcp.allisot,2023-03-21T14:04:58.979000+00:00,pgh.dcp.allisot,2023-03-21T14:04:58.979000+00:00,Parks - Riverview,2.52521356415554,0368dba3-d650-45fd-9327-fe6d8860bae0,17668.9921875,1001.22570328646
1335,136,0.15624296,6805.91594567,Beautification Site,BTF,12,Negley-Collins Triangle,Negley-Collins Triangle,Negley-Collins Triangle,,340.7149413,6800cfe2-5d26-4f19-a71f-8e507978ad94,pgh.dcp.allisot,2023-03-21T14:04:58.979000+00:00,pgh.dcp.allisot,2023-03-21T14:04:58.979000+00:00,2nd Division,0.156242956138908,907c4800-a955-4013-bdbc-01be47ebd845,1093.68359375,136.51101431868
1336,114,2.80961088,122386.16025268,Neighborhood Park,NP,3,Manchester Playground,Manchester School Park,Manchester School Park,Riverview,1734.43395184,98a049bc-a038-4cf7-bc06-a8ab9c41582f,pgh.dcp.allisot,2023-03-21T14:04:58.979000+00:00,pgh.dcp.allisot,2023-03-21T14:04:58.979000+00:00,Parks - Riverview,2.80961087692343,706ec419-ccdb-489c-b24b-df0199654fab,19661.4296875,572.715268599968
1337,170,57.31134955,2496472.40034895,Community Park,CP,7,Southside Park,Southside Park,Southside Park,McKinley,15701.0199754,95cc2ac5-a1c2-4648-a584-a51d1cc70630,pgh.dcp.allisot,2023-03-21T14:04:58.979000+00:00,pgh.dcp.allisot,2023-03-21T14:04:58.979000+00:00,Parks - McKinley,57.3113495470274,2014f626-89bc-49f0-b03f-9dbff8a38a8d,400636.5390625,6189.72606039621
1338,166,0.14885629,6484.15395273,Beautification Site,BTF,4,Sheraden Monument,Sheraden Monument,Sheraden Monument,,369.47866131,8418b4f5-e453-45fb-9b9f-71b56a782739,pgh.dcp.allisot,2023-03-21T14:04:58.979000+00:00,pgh.dcp.allisot,2023-03-21T14:04:58.979000+00:00,5th Division,0.148856287636088,70f3d4ad-4138-4026-b20b-1c3349a97fde,1041.59375,148.113149101995
1339,14,16.63917312,724799.48209377,Community Park,CP,5,Banksville Park,Banksville Park,Banksville Park,Emerald,6186.41940115,62ec008f-5309-4759-8d0e-3548938dcd38,pgh.dcp.allisot,2023-03-21T14:04:58.979000+00:00,pgh.dcp.allisot,2023-03-21T14:04:58.979000+00:00,Parks - Emerald,16.6391731244351,597660f7-0b37-4624-b3dc-a4c3117fecb8,116293.53125,2477.59241317204
1340,124,0.6059212,26393.82169747,Beautification Site,BTF,11,McPherson Blvd Strip,McPherson Blvd Strip,McPherson Blvd Strip,Frick,2418.06827803,7b7961f7-5e49-410f-a46c-cb27d41465fc,pgh.dcp.allisot,2023-03-21T14:04:58.979000+00:00,pgh.dcp.allisot,2023-03-21T14:04:58.979000+00:00,Parks - Frick,0.605921195433321,2b2295f0-fe0f-487d-9add-86a51c8c6878,4239.9453125,968.222264670983
1341,35,6.14846033,267825.86052636,Neighborhood Park,NP,4,Chartiers Playground,Chartiers Park,Chartiers Park,Emerald,2197.20250399,3bd43bb8-9677-45be-8b89-7d05c1d78cf6,pgh.dcp.allisot,2023-03-21T14:04:58.979000+00:00,pgh.dcp.allisot,2023-03-21T14:04:58.979000+00:00,Parks - Emerald,6.14846032674512,39a8802d-460d-4f3a-bf68-ed843e029246,43026.78125,880.608921561516
1342,165,1.01120174,44047.77163895,Neighborhood Park,NP,1,Scherer Field,Scherer Park,Scherer Field,Riverview,869.02248082,207b0267-2101-4b62-aa7b-4c55ace2496e,pgh.dcp.allisot,2023-03-21T14:04:58.979000+00:00,pgh.dcp.allisot,2023-03-21T14:04:58.979000+00:00,Parks - Riverview,1.01120174083021,b19d9cdf-1898-4107-9daf-6330d3c822e8,7078.359375,348.56600365212
1343,53,61.38590585,2673959.36287423,Community Park,CP,3,East Common Park,Allegheny Commons,Allegheny Commons Park,Riverview,8643.01965726,ed54111f-f829-49c1-87b0-4f0e06c2ccaa,pgh.dcp.allisot,2023-03-21T14:04:58.979000+00:00,pgh.dcp.allisot,2023-03-21T14:04:58.979000+00:00,Parks - Riverview,61.3859058477517,cff02f10-d822-4486-a69f-e30c1fab6baa,429525.4765625,9038.50907384941
1344,11,4.20716074,183263.18896766,Neighborhood Park,NP,7,Arlington Playground,Arlington Park,Arlington Park,McKinley,1714.73920067,feb2c1cf-1ba5-4a8d-9bca-7dcd9165fed2,pgh.dcp.allisot,2023-03-21T14:04:58.979000+00:00,pgh.dcp.allisot,2023-03-21T14:04:58.979000+00:00,Parks - McKinley,4.20716074432075,209e291b-7312-4f54-bcc2-4006fe1a3ffb,29407.8984375,687.092072916574
1345,134,0.89138456,38828.55601983,Beautification Site,BTF,12,Negley Run Blvd,Negley Run Blvd,Negley Run Blvd,,1568.61965766,0d64322c-0c5d-4008-9652-0cf4c8e5075e,pgh.dcp.allisot,2023-03-21T14:04:58.979000+00:00,pgh.dcp.allisot,2023-03-21T14:04:58.979000+00:00,2nd Division,0.891384557725449,7b088ec8-5591-493f-8007-f731bfd5aa7d,6239.69140625,628.000880372034
1346,123,1.61581893,70384.79117434,Neighborhood Park,NP,3,McKnight Playground,McKnight Park,McKnight Park,Riverview,1279.69245254,715318ec-dbf0-4148-a625-0277f6755aab,pgh.dcp.allisot,2023-03-21T14:04:58.979000+00:00,pgh.dcp.allisot,2023-03-21T14:04:58.979000+00:00,Parks - Riverview,1.61581893283632,30d73a04-c560-46d5-9464-6263ac541755,11305.76953125,512.362635235361
1347,56,2.49637414,108741.62271318,Beautification Site,BTF,12,East Liberty Strip,East Liberty Blvd Strip,East Liberty Strip,Highland,8837.89098497,8121f4fa-9924-4f9a-8873-2f401c09de85,pgh.dcp.allisot,2023-03-21T14:04:58.979000+00:00,pgh.dcp.allisot,2023-03-21T14:04:58.979000+00:00,Parks - Highland,2.49637414327298,be5c2281-27b7-47c7-bb43-f37e40e4b3fc,17473.609375,3482.0304543724
1348,67,0.84428328,36776.97974264,Neighborhood Park,NP,9,Four Mile Run Playground,Four Mile Run Park,Four Mile Run Park,Schenley,2243.35767795,5add2480-4844-49fa-97f4-adba23a96075,pgh.dcp.allisot,2023-03-21T14:04:58.979000+00:00,pgh.dcp.allisot,2023-03-21T14:04:58.979000+00:00,Parks - Schenley,0.844283281511502,22ac8bd4-33ee-463d-8243-9e84a1eb73c3,5903.21875,503.450300035394
1349,128,0.07906007,3443.84302078,Beautification Site,BTF,10,Monitor St and St Phil Islands,Monitor St and St Phil Islands,Monitor St and St Phil Islands,,251.94530266,8b16bb3a-205c-4812-aa9a-ad87e31e2a78,pgh.dcp.allisot,2023-03-21T14:04:58.979000+00:00,pgh.dcp.allisot,2023-03-21T14:04:58.979000+00:00,3rd Division,7.90600733745719E-02,d8341ecd-7d27-4217-aa7e-99afd74937bd,552.76171875,100.902895364693
1350,44,7.22028579,314514.3911635,Neighborhood Park,NP,13,Curto Park,Frank Curto Park,Frank Curto Park,Schenley,4947.79134007,789bcaf2-11c5-4ada-82e8-e03ad3899319,pgh.dcp.allisot,2023-03-21T14:04:58.979000+00:00,pgh.dcp.allisot,2023-03-21T14:04:58.979000+00:00,Parks - Schenley,7.22028579487693,bba9f042-b18f-4c0b-82e7-2b3e8c3fa194,50518.4296875,1980.85704009357
1351,161,12.31219829,536317.21210653,Neighborhood Park,NP,15,Robert E Williams Park,Robert E. Williams Park,Robert E. Williams Herron Hill Park,Schenley,2850.69033333,4390547d-5c60-4ce3-af1e-6850bc23786a,pgh.dcp.allisot,2023-03-21T14:04:58.979000+00:00,pgh.dcp.allisot,2023-03-21T14:04:58.979000+00:00,Parks - Schenley,12.3121982870022,08265795-7f26-463c-baaf-7f7b1e3cb7ca,86154.48046875,1142.48058319147
1352,117,0.2601979,11334.1751753,Neighborhood Park,NP,2,Marshall- California Parklet,Marshall-California Park,Marshall-California Park,Riverview,410.24135099,983fe92d-da67-43c0-8bc3-997714b25d4d,pgh.dcp.allisot,2023-03-21T14:04:58.979000+00:00,pgh.dcp.allisot,2023-03-21T14:04:58.979000+00:00,Parks - Riverview,0.260197899727601,51ed3fb6-c8da-49a8-9780-73b1f0d954e0,1821.15234375,164.39971843827
1353,131,0.60060083,26162.06759986,Beautification Site,BTF,12,Morrow Triangle,Morrow Triangle Park,Morrow Triangle,Highland,682.96902252,074eb498-c5ce-4a44-a57e-3da9bb631f88,pgh.dcp.allisot,2023-03-21T14:04:58.979000+00:00,pgh.dcp.allisot,2023-03-21T14:04:58.979000+00:00,Parks - Highland,0.600600832149799,a6ea8592-0f0a-4395-8a71-1fa6c614884c,4202.9296875,273.711721468704
1354,133,0.34528554,15040.57816901,Neighborhood Park,NP,4,Mutual Parklet,Mutual Park,Mutual Park,Emerald,629.88083149,c3ced6af-31f3-4c14-88e2-a17fe6b295e6,pgh.dcp.allisot,2023-03-21T14:04:58.979000+00:00,pgh.dcp.allisot,2023-03-21T14:04:58.979000+00:00,Parks - Emerald,0.345285544800263,94ea30fd-e785-4e82-b20b-8214919210b3,2415.9296875,252.618433254829
1355,63,1.99688562,86983.98975164,Neighborhood Park,NP,13,Fifty-Seventh St Playground,Fifty-Seventh Street Park,Fifty-Seventh Street Park,Highland,1535.49617355,31373659-cf0f-4036-9c4b-b23dc2763456,pgh.dcp.allisot,2023-03-21T14:04:58.979000+00:00,pgh.dcp.allisot,2023-03-21T14:04:58.979000+00:00,Parks - Highland,1.99688562186975,6618218b-ce98-4a56-a69d-0615f2e5f0d7,13986.10546875,461.325905518859
1356,208,30.3636409,1322634.90701766,Neighborhood Park,NP,5,Vanucci Field,Vanucci Park,Vanucci Park,McKinley,2391.38259646,19b0ba76-3aad-4e9f-9174-18013f454a6d,pgh.dcp.allisot,2023-03-21T14:04:58.979000+00:00,pgh.dcp.allisot,2023-03-21T14:04:58.979000+00:00,Parks - McKinley,30.3636408992897,a00cc7c7-8c3c-4e7e-b4cb-1c26b57d2fda,212225.22265625,2670.94912875486
1357,12,1.48849278,64838.48626932,Neighborhood Park,NP,7,Armstrong Playground,Armstrong Park,Armstrong Park,McKinley,1015.27727183,8b1b9560-5b36-4925-93a2-205b276edb4f,pgh.dcp.allisot,2023-03-21T14:04:58.979000+00:00,pgh.dcp.allisot,2023-03-21T14:04:58.979000+00:00,Parks - McKinley,1.48849278292105,828acaae-4f8b-4afa-98d5-5d2ad88e3742,10407.51953125,403.61870343495
1358,207,1.48028571,64480.9874778,Neighborhood Park,NP,5,Tropical Parklet,Tropical Park,Tropical Park,McKinley,1057.28576373,96b7ba58-af4f-4803-a06a-ee46a0219b12,pgh.dcp.allisot,2023-03-21T14:04:58.979000+00:00,pgh.dcp.allisot,2023-03-21T14:04:58.979000+00:00,Parks - McKinley,1.48028570712865,70692043-369c-4309-810b-b27498c0c3a6,10348.34765625,423.435035188965
1359,213,1.59846479,69628.84794094,Community Park,CP,2,Garvin Park,Garvin Park,Garvin Park,Riverview,1257.12905344,ab7d15a3-5b0e-443c-bf14-dcd01d68da59,pgh.dcp.allisot,2023-03-21T14:04:58.979000+00:00,pgh.dcp.allisot,2023-03-21T14:04:58.979000+00:00,Parks - Riverview,1.59846479470087,06ca9b33-ab7f-45c6-bed9-11e6850051d0,11197.73046875,462.991455378577
1360,144,2.10955456,91891.82922717,Neighborhood Park,NP,7,Ormsby Playground,Ormsby Park,Ormsby Park,McKinley,1549.34963964,a67c8014-7b92-4125-af8e-aa51286451f2,pgh.dcp.allisot,2023-03-21T14:04:58.979000+00:00,pgh.dcp.allisot,2023-03-21T14:04:58.979000+00:00,Parks - McKinley,2.10955456371887,5b272f29-a6ca-4721-9c64-1f8c29477b18,14750.56640625,534.145104764393
1361,324421,0.09182823,4000.02163982,Neighborhood Park,NP,7,Esser Plaza Park,Esser Plaza Park,Esser Plaza Park,McKinley,384.92560266,,pgh.dcp.allisot,2023-03-21T14:04:58.979000+00:00,pgh.dcp.allisot,2023-03-21T14:04:58.979000+00:00,Parks - McKinley,9.18282286490579E-02,c13e23e1-c558-4f0f-b0c6-c461addd5fd5,642.0703125,107.582113244101
1362,65,1.76197212,76751.19864669,Neighborhood Park,NP,3,Fineview Playground,Fineview Park,Fineview Park,Riverview,1108.51197838,db4b7e9e-0652-4636-8213-593a7cfc5953,pgh.dcp.allisot,2023-03-21T14:04:58.979000+00:00,pgh.dcp.allisot,2023-03-21T14:04:58.979000+00:00,Parks - Riverview,1.76197212241509,b7e3b7ce-9553-4660-8ca7-c5c256916da2,12331.94921875,444.230553798497
1363,172,6.62192106,288449.7276183,Neighborhood Park,NP,1,Spring Garden Field,Spring Garden Park,Spring Garden Park,Riverview,1231.0089363,cafe92f4-0b45-42f4-9411-15363c7d50d1,pgh.dcp.allisot,2023-03-21T14:04:58.979000+00:00,pgh.dcp.allisot,2023-03-21T14:04:58.979000+00:00,Parks - Riverview,6.62192106108062,04bc57a7-546d-49a3-bc7a-59becae4f89a,46351.22265625,1403.75053845308
1364,121,5.19255903,226186.96645814,Neighborhood Park,NP,4,McGonigle Playground,McGonigle Park,McGonigle Park,Emerald,4098.9491653,96e44c78-3181-4961-8e84-b40b284bbfb6,pgh.dcp.allisot,2023-03-21T14:04:58.979000+00:00,pgh.dcp.allisot,2023-03-21T14:04:58.979000+00:00,Parks - Emerald,5.19255902683011,0244498a-f124-41cd-9957-e211b712704c,36340.36328125,838.911453905238
1365,7,4.02708069,175418.93301902,Neighborhood Park,NP,5,Alton Playground,Alton Park,Alton Park,McKinley,1680.93778101,5469398c-9490-4e55-b4d4-776bc4862a7e,pgh.dcp.allisot,2023-03-21T14:04:58.979000+00:00,pgh.dcp.allisot,2023-03-21T14:04:58.979000+00:00,Parks - McKinley,4.02708068633731,089dc244-3384-4248-bed7-dc936cad3a41,28146.05078125,673.341724087494
1366,141,4.88269047,212689.14632173,Neighborhood Park,NP,4,Oakwood Playground,Oakwood Park,Oakwood Park,Emerald,3111.47553148,62caf5f1-7f9e-4563-8a86-41b42ccbf634,pgh.dcp.allisot,2023-03-21T14:04:58.979000+00:00,pgh.dcp.allisot,2023-03-21T14:04:58.979000+00:00,Parks - Emerald,4.88269047476746,7360abf1-0361-4a2a-89c5-12455de86817,34137.58203125,1246.82387336151
1367,214,3.2963859,143589.99534013,Neighborhood Park,NP,12,Liberty Green Park,Liberty Green Park,Liberty Green Park,Highland,1386.2216884, ,pgh.dcp.allisot,2023-03-21T14:04:58.979000+00:00,pgh.dcp.allisot,2023-03-21T14:04:58.979000+00:00,Parks - Highland,3.296386,cfcaaad1-9f0f-49e1-9671-1d49efcfb57a,23072.1484375,931.748394347772
1368,70,3.43397554,149583.37630544,Neighborhood Park,NP,14,Frazier Playground,Frazier Park,Frazier Park,Schenley,1740.35286534,f31f2520-2ab6-4e6b-8999-82166ba2e957,pgh.dcp.allisot,2023-03-21T14:04:58.979000+00:00,pgh.dcp.allisot,2023-03-21T14:04:58.979000+00:00,Parks - Schenley,3.43397554271669,663de84f-d89d-407f-ad57-1142d89d72ab,24011.1484375,697.167938718692
1369,204,0.64868509,28256.60933125,Neighborhood Park,NP,4,Townsend Parklet,Townsend Park,Townsend Park,Emerald,669.53504644,446d0fe8-1532-4253-8258-fcb5c0677421,pgh.dcp.allisot,2023-03-21T14:04:58.979000+00:00,pgh.dcp.allisot,2023-03-21T14:04:58.979000+00:00,Parks - Emerald,0.648685086272452,fec1e0e2-b91c-4f78-ab13-311fdf97b22f,4537.59375,268.291120651453
1370,47,1.09754894,47809.04043858,Neighborhood Park,NP,13,Denny Parklet,Denny Park,Denny Park,Schenley,1158.75039968,8c670a48-12e6-4067-9a59-a19f53d1aeea,pgh.dcp.allisot,2023-03-21T14:04:58.979000+00:00,pgh.dcp.allisot,2023-03-21T14:04:58.979000+00:00,Parks - Schenley,1.09754893653148,662c0d85-6461-4160-9d6b-af4c1fa91c8e,7680.7734375,464.389315694534
1371,59,0.53917727,23486.46789592,Neighborhood Park,NP,7,Eleanor St Parklet,Eleanor Street Park,Eleanor Street Park,McKinley,649.21057742,601181be-4c7c-482e-b656-cfa5d7602552,pgh.dcp.allisot,2023-03-21T14:04:58.979000+00:00,pgh.dcp.allisot,2023-03-21T14:04:58.979000+00:00,Parks - McKinley,0.539177269101676,b5db7418-b3c1-4bb3-8f62-85e567b197b8,3769.1796875,246.617981005047
1372,37,0.87432757,38085.55663694,Neighborhood Park,NP,7,Cobden St Bsktbl Ct,Cobden Street Park,Cobden St. Park,McKinley,825.91850831,fb470340-f4f8-460a-8a16-f16e333573d9,pgh.dcp.allisot,2023-03-21T14:04:58.979000+00:00,pgh.dcp.allisot,2023-03-21T14:04:58.979000+00:00,Parks - McKinley,0.874327570698412,cb085306-c360-405d-a81a-885d8196e916,6111.70703125,330.68002580851
1373,91,0.22122719,9636.61792348,Special Use Park,SU,11,Homewood Senior Center,Homewood Healthy Active Living Center,Homewood Senior Center,Frick,410.87559451,38905c2c-76b0-4f28-8608-655f6a76897b,pgh.dcp.allisot,2023-03-21T14:04:58.979000+00:00,pgh.dcp.allisot,2023-03-21T14:04:58.979000+00:00,Parks - Frick,0.221227191691103,b87744b0-c786-4e4a-bee9-6dc3bac17cb0,1548.13671875,164.751685947097
1374,111,0.1529312,6661.65654887,Other,OTR,3,Loraine St Tot Lot,Loraine St Park,Loraine St Tot Lot,,333.32413188,bcd30104-5771-41b0-84f9-79aa9187f0e8,pgh.dcp.allisot,2023-03-21T14:04:58.979000+00:00,pgh.dcp.allisot,2023-03-21T14:04:58.979000+00:00,1st Division,0.152931202836983,a700134e-9e55-4a95-b010-e6c80be3c0d4,1070.265625,133.560840941579
1375,164,434.08262294,18908563.42068,Regional Park,RP,10,Schenley Park,Schenley Park,Schenley Park,Schenley,123344.865833,2be79c72-ff3d-4f6e-844d-6ad22c49556a,pgh.dcp.allisot,2023-03-21T14:04:58.979000+00:00,pgh.dcp.allisot,2023-03-21T14:04:58.979000+00:00,Parks - Schenley,434.08262293757,e10190c0-b707-4549-ad1a-2a9656880668,3035712.22265625,49416.6795583305
1376,154,28.79541068,1254323.07178477,Riverfront Park,RVR,16,Point State Park,Point State Park,Point State Park,,12943.2387982,bf1a98df-8a5b-454a-a172-cb061bab8d70,pgh.dcp.allisot,2023-03-21T14:04:58.979000+00:00,pgh.dcp.allisot,2023-03-21T14:04:58.979000+00:00,State,28.7954106770457,cc809cba-ae2d-40ca-9ddf-584fdb3a1ce8,201416.01953125,5184.1962306333
1378,38,4.22351288,183975.48527285,Neighborhood Park,NP,1,Cowley Playground,Cowley Park,Cowley Park,Riverview,1706.73971546,d8f9288e-6a5e-4640-8245-97a8c6a95248,pgh.dcp.allisot,2023-03-21T14:04:58.979000+00:00,pgh.dcp.allisot,2023-03-21T14:04:58.979000+00:00,Parks - Riverview,4.22351288285124,7979ca4a-36d2-4fc8-83ae-3ad57b3ec3f0,29557.40234375,683.92308944502
1379,31,6.79012553,295776.68514674,Neighborhood Park,NP,9,Burgwin Playground,Burgwin Park,Burgwin Park,Frick,2232.75902233,93e12c43-773c-47cb-82a3-91787e9bed98,pgh.dcp.allisot,2023-03-21T14:04:58.979000+00:00,pgh.dcp.allisot,2023-03-21T14:04:58.979000+00:00,Parks - Frick,6.79012553390798,37b8fcf6-582e-49d0-9106-9cb54646bad6,47443.3515625,893.983017794887
1380,54,11.13592221,485078.8310886,Community Park,CP,11,East Hills Park,East Hills Park,East Hills Park,Frick,3990.46535446,ef396672-2c4a-4eda-ae69-204f645a1602,pgh.dcp.allisot,2023-03-21T14:04:58.979000+00:00,pgh.dcp.allisot,2023-03-21T14:04:58.979000+00:00,Parks - Frick,11.1359222086718,9aede49d-02fa-4420-ace7-a11fcbf4f01e,77920.08203125,1599.65456382064
1381,125,32.53697238,1417304.84771197,Community Park,CP,10,Mellon Park,Mellon Park,Mellon Park,Frick,7625.3993799,afed3549-f340-4b7c-83dd-cee2c7b29ffe,pgh.dcp.allisot,2023-03-21T14:04:58.979000+00:00,pgh.dcp.allisot,2023-03-21T14:04:58.979000+00:00,Parks - Frick,32.5369723817349,085a6d7f-ece3-4ded-a1e2-babcf75e326b,227666.8515625,3054.73057223003
1382,22,1.68346994,73331.65745964,Neighborhood Park,NP,9,Blair St Parklet,Blair Street Park,Blair St. Park,Schenley,1179.30834272,284d433b-7f9f-4708-83ff-c76d15c28685,pgh.dcp.allisot,2023-03-21T14:04:58.979000+00:00,pgh.dcp.allisot,2023-03-21T14:04:58.979000+00:00,Parks - Schenley,1.68346994460849,7915501f-032a-4b39-a26d-482e5090c567,11762.42578125,472.659751884152
1383,105,0.89513452,38991.90357723,Neighborhood Park,NP,9,Lewis Playground,Lewis Park,Lewis Park,Frick,796.3927443,635c355b-aae2-42d7-ab29-d1d6a357bf97,pgh.dcp.allisot,2023-03-21T14:04:58.979000+00:00,pgh.dcp.allisot,2023-03-21T14:04:58.979000+00:00,Parks - Frick,0.895134516650851,e00e6630-d1be-4b75-9a43-d91694d501d4,6255.93359375,319.085614172786
1384,398823,632.886499,27568535.89644,Regional Park,RP,8,Hays Woods,Hays Woods,Hays Woods,McKinley,40487.80888937,,pgh.dcp.allisot,2023-03-21T14:04:58.979000+00:00,pgh.dcp.allisot,2023-03-21T14:04:58.979000+00:00,Parks - McKinley,632.886499,e25fa8dd-0b5a-4576-b850-7030d41cdef1,4421265.34765625,16210.3451244051
1385,177,1.18120924,51453.26866362,Neighborhood Park,NP,10,Swisshelm Parklet,Swisshelm Park,Swisshelm Park,Frick,909.71795803,a345eae0-81c6-4e68-88ef-e73c5717311f,pgh.dcp.allisot,2023-03-21T14:04:58.979000+00:00,pgh.dcp.allisot,2023-03-21T14:04:58.979000+00:00,Parks - Frick,1.18120923960782,aff1cae0-2647-4e6b-aa49-48924e3ebe10,8257.27734375,364.462560312065
1386,18,1.32779542,57838.53724394,Neighborhood Park,NP,11,Baxter Parklet,Baxter Park,Baxter Park,Frick,1418.32464469,73a669d2-df96-412e-b2e3-f23595df4ca4,pgh.dcp.allisot,2023-03-21T14:04:58.979000+00:00,pgh.dcp.allisot,2023-03-21T14:04:58.979000+00:00,Parks - Frick,1.32779542237787,b4602230-ee45-4e81-9585-1cee5af05ac1,9291.58984375,423.811674888026
1387,46,1.50196799,65425.46382058,Neighborhood Park,NP,10,Davis Parklet,Davis Park,Davis Park,Frick,1052.34532258,0c5ad046-197c-4180-b444-321700e6bbf9,pgh.dcp.allisot,2023-03-21T14:04:58.979000+00:00,pgh.dcp.allisot,2023-03-21T14:04:58.979000+00:00,Parks - Frick,1.50196798721812,049e9fd5-48a0-4cf8-91bb-4259cc830e84,10503.07421875,421.337902033506
1388,194,2.2077738,96170.2421346,Neighborhood Park,NP,10,Wightman Playground,Wightman Park,Wightman Park,Frick,1305.90809687,9073e51f-4d78-42ff-8fc0-97344d058d0e,pgh.dcp.allisot,2023-03-21T14:04:58.979000+00:00,pgh.dcp.allisot,2023-03-21T14:04:58.979000+00:00,Parks - Frick,2.20777380203681,ffc05f29-7f2b-446e-ac70-4e8bb5d633b2,15443.703125,523.002239629843
1389,75,3.34405359,145666.39166187,Neighborhood Park,NP,9,Gladstone Field,Gladstone Park,Gladstone Park,Frick,1630.11987804,2f062758-efae-4329-9ae2-4a4049c76c2f,pgh.dcp.allisot,2023-03-21T14:04:58.979000+00:00,pgh.dcp.allisot,2023-03-21T14:04:58.979000+00:00,Parks - Frick,3.34405358882421,91f89097-3437-4eaf-a391-054be9d19639,23372.65234375,653.376351435586
1390,99,0.36092951,15722.02652055,Neighborhood Park,NP,14,Lawn & Ophelia Playground,Lawn and Ophelia Park,Lawn and Ophelia Park,Schenley,701.5748464,1eb23da9-b4bd-4b7f-ae4b-f51bfe67db3f,pgh.dcp.allisot,2023-03-21T14:04:58.979000+00:00,pgh.dcp.allisot,2023-03-21T14:04:58.979000+00:00,Parks - Schenley,0.360929508926702,ced50032-085f-4c8a-ad3e-dfaf1c2d58a9,2524.1640625,237.263689822016
1391,79,32.11439619,1398897.50251635,Regional Park,RP,6,Grandview Park,Emerald View Park - Grandview Park,Emerald View Regional Park,Emerald,14446.4975317,aeeefde8-4347-4ab7-8bdf-bc2bedd16135,pgh.dcp.allisot,2023-03-21T14:04:58.979000+00:00,pgh.dcp.allisot,2023-03-21T14:04:58.979000+00:00,Parks - Emerald,32.1143961919815,8e171274-177e-4765-a957-0429f48d453b,224533.58203125,5786.47220487459
1392,132,45.71526029,1991348.77261005,Regional Park,RP,6,Mt. Washington Park,Emerald View Park - Mt. Washington Park,Emerald View Regional Park,Emerald,11386.2207019,59f0daee-69f6-46e3-b6a8-f7586c78f386,pgh.dcp.allisot,2023-03-21T14:04:58.979000+00:00,pgh.dcp.allisot,2023-03-21T14:04:58.979000+00:00,Parks - Emerald,45.7152602853559,9422cedd-6a1a-4ee9-9bd9-26c942104750,319590.48828125,4740.44901645012
1393,201,171.81797461,7484361.03647209,Regional Park,RP,6,Duquesne Heights Greenway,Emerald View Regional Park,Emerald View Regional Park - Duquesne Heights Greenway,Emerald,28271.46514,32e0f94b-541f-421b-b9cb-570b3b856d2e,pgh.dcp.allisot,2023-03-21T14:04:58.979000+00:00,pgh.dcp.allisot,2023-03-21T14:04:58.979000+00:00,Parks - Emerald,171.817974609873,b09a9fb6-861e-426d-b369-8e124db422cb,1201593.78125,32166.1075289104
1394,71,606.63907099,26425092.2317768,Regional Park,RP,10,Frick Park,Frick Park,Frick Park,Frick,75685.9897736,4012cac2-c9fc-4074-8331-0c10b213ef16,pgh.dcp.allisot,2023-03-21T14:04:58.979000+00:00,pgh.dcp.allisot,2023-03-21T14:04:58.979000+00:00,Parks - Frick,606.639070993222,4801a197-67f6-41b7-a4f9-247912f5d0b1,4241798.078125,29982.6804394831
1395,45,0.42852529,18666.48700753,Neighborhood Park,NP,11,Dallas Parklet,Dallas Park,Dallas Park,Frick,575.21234312,7833f211-ee2a-44e4-997d-d83ed7f19972,pgh.dcp.allisot,2023-03-21T14:04:58.979000+00:00,pgh.dcp.allisot,2023-03-21T14:04:58.979000+00:00,Parks - Frick,0.42852529094815,175863ec-791e-4263-837c-e7738288973d,2998.8828125,230.498298128637
1396,191,10.06138692,438272.26101446,Neighborhood Park,NP,11,Westinghouse Park,Westinghouse Park,Westinghouse Park,Frick,2747.68890417,e473b3f9-3e8a-49cb-8523-ef32365cdd25,pgh.dcp.allisot,2023-03-21T14:04:58.979000+00:00,pgh.dcp.allisot,2023-03-21T14:04:58.979000+00:00,Parks - Frick,10.0613869170973,7b6175db-ac36-48c4-8165-6114406d0595,70400.90625,1067.26805149256
1397,89,377.91057675,16461718.8762973,Regional Park,RP,12,Highland Park,Highland Park,Highland Park,Highland,107319.676945,c9e4bd66-e2b3-4f4a-b49b-a9f1ee0688b3,pgh.dcp.allisot,2023-03-21T14:04:58.979000+00:00,pgh.dcp.allisot,2023-03-21T14:04:58.979000+00:00,Parks - Highland,377.910576753222,11aed98c-3830-4654-8ca2-a119b0851c07,2646464.68359375,43040.6210670841
1398,130,53.57539799,2333735.00158627,Community Park,CP,5,Moore Park,Moore Park,Moore Park,McKinley,2752.13027248,50baa3f0-758b-4bbb-98d6-3c07b42a0826,pgh.dcp.allisot,2023-03-21T14:04:58.979000+00:00,pgh.dcp.allisot,2023-03-21T14:04:58.979000+00:00,Parks - McKinley,53.5753979925053,c36204da-09ab-4741-97f4-a385780130f2,374342.09375,3755.69833326538
1399,414425,7.00283585,305042.30938794,Regional Park,RP,7,Knoxville Incline Park,Knoxville Incline Park,Knoxville Incline Park,Emerald,,,pgh.dcp.allisot,2023-03-21T14:04:58.979000+00:00,pgh.dcp.allisot,2023-03-21T14:04:58.979000+00:00,Parks - Emerald,7.00283584851709,d964625d-4e98-4320-8b75-c788fe9df954,48957.77734375,2195.45642872178
1400,414426,39.437957,1717910.53535787,Regional Park,RP,5,Fairhaven Park,Fairhaven Park,Fairhaven Park,McKinley,,,pgh.dcp.allisot,2023-03-21T14:04:58.979000+00:00,pgh.dcp.allisot,2023-03-21T14:04:58.979000+00:00,Parks - McKinley,39.437957002362,b03d280c-7026-44c6-a522-6f7676d5f441,275341.0859375,7965.65045365106
1401,414427,80.21265698,3494049.36201752,Regional Park,RP,5,Seldom Seen Park,Seldom Seen Park,Seldom Seen Park,McKinley,,,pgh.dcp.allisot,2023-03-21T14:04:58.979000+00:00,pgh.dcp.allisot,2023-03-21T14:04:58.979000+00:00,Parks - McKinley,80.21265698473,4ce0ebb3-cd0f-4692-a23a-b5bacefe2bdb,560788.14453125,7174.04111696261
1402,414428,33.29815061,1450461.63886948,Regional Park,RP,15,Bigelow Park,Bigelow Park,Bigelow Park,Schenley,,,pgh.dcp.allisot,2023-03-21T14:04:58.979000+00:00,pgh.dcp.allisot,2023-03-21T14:04:58.979000+00:00,Parks - Schenley,33.2981506137331,393a6fbe-a13f-4431-9279-69eeac483c40,232984.46484375,8047.3107421928
1403,222,0.39046729,17008.68726406,Special Use Park,SU,11,,Paulson Rec Center,,Highland,,,pgh.dcp.allisot,2023-03-21T14:04:58.979000+00:00,pgh.dcp.allisot,2023-03-21T14:04:58.979000+00:00,Parks - Highland,0.390467293365766,bd41924f-8bb4-4141-bd97-4b10a890c061,2733.37890625,221.126844845005
1404,218,8.83743664,384957.20034375,Neighborhood Park,NP,1,,Washington's Landing Park,,Riverview,,,pgh.dcp.allisot,2023-03-21T14:04:58.979000+00:00,pgh.dcp.allisot,2023-03-21T14:04:58.979000+00:00,Parks - Riverview,8.83743664318581,48a87681-fe06-4b93-ab7d-4d36ecaaf0d4,61974.6796875,1259.38954298465
1405,221,0.24017804,10462.11336974,Special Use Park,SU,5,,Beechview Healthy Active Living Center Park,,McKinley,,,pgh.dcp.allisot,2023-03-21T14:04:58.979000+00:00,pgh.dcp.allisot,2023-03-21T14:04:58.979000+00:00,Parks - McKinley,0.240178035314907,05c0f8b7-c070-49ff-aa71-61e492dfd3c6,1678.47265625,190.458109820961
1406,224,12.64577714,550847.8483825,Neighborhood Park,NP,2,,Fowler Park,,Riverview,,,pgh.dcp.allisot,2023-03-21T14:04:58.979000+00:00,pgh.dcp.allisot,2023-03-21T14:04:58.979000+00:00,Parks - Riverview,12.6457771300389,7540f1da-9314-4fa7-8723-7b149d5586b4,88527.984375,1784.51845419386
1407,217,0.15328618,6677.11923302,Special Use Park,SU,7,,Oliver Bath House,,McKinley,,,pgh.dcp.allisot,2023-03-21T14:04:58.979000+00:00,pgh.dcp.allisot,2023-03-21T14:04:58.979000+00:00,Parks - McKinley,0.153286178640392,331284b1-4d1b-4c9f-bd10-afad6f4fdc63,1071.82421875,133.510123913238
1408,215,0.1917319,8351.80816446,Neighborhood Park,NP,6,,Venson Park,,McKinley,,,pgh.dcp.allisot,2023-03-21T14:04:58.979000+00:00,pgh.dcp.allisot,2023-03-21T14:04:58.979000+00:00,Parks - McKinley,0.1917319001789,489ffa85-5e97-424d-a774-ad7163cbe6a9,1340.125,149.028374051235
1409,220,0.51336886,22362.25811853,Special Use Park,SU,4,,West End Healthy Active Living Center,,Emerald,,,pgh.dcp.allisot,2023-03-21T14:04:58.979000+00:00,pgh.dcp.allisot,2023-03-21T14:04:58.979000+00:00,Parks - Emerald,0.513368860602208,eb60324e-0cae-4298-934e-9439a4377751,3590.58984375,292.908685513215
1410,223,0.01644214,716.21696144,Special Use Park,SU,10,,Swisshelm War Memorial,,,,,pgh.dcp.allisot,2023-03-21T14:04:58.979000+00:00,pgh.dcp.allisot,2023-03-21T14:04:58.979000+00:00,3rd Division,0.016442144773045,bd2298aa-84c6-43de-b879-2f673e368eef,114.9375,46.4721630269492
1411,225,0.84409285,36768.53760821,Neighborhood Park,NP,2,,Washburn Square Park,,Riverview,,,pgh.dcp.allisot,2023-03-21T14:04:58.979000+00:00,pgh.dcp.allisot,2023-03-21T14:04:58.979000+00:00,Parks - Riverview,0.844092853140572,de0ec220-19f8-49b8-a3e5-93cb717d5504,5908.67578125,357.044120897895
1412,216,0.77609047,33806.36543423,Special Use Park,SU,2,,Brighton Heights Healthy Active Living Center,,Riverview,,,pgh.dcp.allisot,2023-03-21T14:04:58.979000+00:00,pgh.dcp.allisot,2023-03-21T14:04:58.979000+00:00,Parks - Riverview,0.7760904651078,57980543-9d95-41aa-aeb7-8a0f04bdd790,5434.6171875,295.026688819708
1413,227,0.57381396,24995.23631677,Special Use Park,SU,7,,Arlington Gym,,McKinley,,,pgh.dcp.allisot,2023-03-21T14:04:58.979000+00:00,pgh.dcp.allisot,2023-03-21T14:04:58.979000+00:00,Parks - McKinley,0.573813964600912,a85bc6f5-7779-4ca1-81bb-753627d56e58,4011.05078125,274.845336682508
1414,226,1.7213239,74980.56935351,Riverfront Park,RVR,16,,Monongahela Wharf Landing Park,,Riverview,,,pgh.dcp.allisot,2023-03-21T14:04:58.979000+00:00,pgh.dcp.allisot,2023-03-21T14:04:58.979000+00:00,Parks - Riverview,1.72132390442346,24b4942b-6152-422d-812b-78b175cdaed4,12039.25390625,1782.09688266196
1415,219,0.05640572,2457.02344516,Regional Park,RP,6,,Emerald View Park - Shiloh Street Park,,Emerald,,,pgh.dcp.allisot,2023-03-21T14:04:58.979000+00:00,pgh.dcp.allisot,2023-03-21T14:04:58.979000+00:00,Parks - Emerald,5.64057225270754E-02,af2f04a0-9702-4da4-9d1c-8bda52f20271,394.4296875,80.7562141881113
1416,414429,139.41565175,6072921.4986122,Regional Park,RP,9,Hazelwood Park,Hazelwood Park,Hazelwood Park,Frick,,,pgh.dcp.allisot,2023-03-21T14:04:58.979000+00:00,pgh.dcp.allisot,2023-03-21T14:04:58.979000+00:00,Parks - Frick,139.415651753199,b6756676-f977-4ffe-a2b9-c2fe897e9bce,974365.86328125,20984.9548028627
1417,90,4.26898266,185956.14072439,Neighborhood Park,NP,11,Homewood Playground,Homewood Park,Homewood Park,Frick,1360.90801945,9296bb5e-10ce-4bb7-a855-54fe7a1c97be,pgh.dcp.allisot,2023-03-21T14:04:58.979000+00:00,pgh.dcp.allisot,2023-03-21T14:04:58.979000+00:00,Parks - Frick,4.26898265728162,91054892-42c7-43db-ba9d-6764a69f6b80,29871.64453125,735.043006263225
